232.000000,1.791113,7.841245,22.024604,33.988447,51.791906,87.580641,110.351290,86.083230,167.415951,186.129934,223.210061,82.472767,121.192650,204.192512,125.556232,26.304702,0.064500,0.494149,-0.044743,0.110559,-0.008362,0.121108,1.090812,5699.481556,6422.824274,35.747215,977.521139,860.625814,95.000000,1618329702.414479
233.000000,3.642112,15.048163,31.941736,51.607121,57.770148,70.423071,69.768744,84.542167,74.120684,14.222115,-24.874967,-100.032504,-83.203154,-189.653536,-89.768306,-102.747569,0.050406,-0.031512,-0.155203,-0.002666,-0.142687,-0.470823,1.074144,6355.210600,3488.493852,36.601916,1000.051732,565.704336,95.000000,1618329702.430523
234.000000,5.291791,20.691037,39.505173,55.367271,49.833715,50.393271,21.166016,-17.539562,-54.052242,-96.837292,-136.737416,-248.451667,-85.238497,-82.138250,9.307835,110.817696,-0.047298,0.209845,0.028913,0.325067,-0.074560,0.149950,1.070541,4962.630495,5832.959617,35.867803,882.405806,1134.839537,95.000000,1618329702.443599
235.000000,6.683253,22.597212,42.189862,53.902480,35.988125,-8.884874,-48.513657,-149.114019,-164.450475,-126.915609,-18.657701,40.063259,209.714631,311.096601,156.841901,148.668962,-0.613066,0.196534,0.283376,-0.760404,-0.443524,-0.313572,1.077910,5245.758197,4230.440613,36.227986,689.913777,1136.943038,95.000000,1618329702.458629
236.000000,8.310040,29.508497,34.984153,27.372017,-14.425453,-75.121071,-81.743714,-114.461262,-25.795199,91.191076,70.135974,96.963125,123.346616,-2.859692,-165.445179,-116.352716,-0.423812,-0.067096,-0.230241,0.397516,0.180108,-0.515568,1.077662,2092.472211,5769.692082,36.225576,762.750267,1171.061455,95.000000,1618329702.474865
237.000000,9.287472,29.601584,29.188162,-1.385210,-47.542026,-69.478748,-75.905623,8.885695,67.895132,127.560159,124.102396,-33.632714,-186.363174,-61.019352,-163.291679,15.894847,-0.405330,-0.441641,0.081041,0.196549,0.032026,0.493385,1.082880,4972.177136,4179.803384,35.369148,942.251934,959.006925,95.000000,1618329702.490403
238.000000,10.443820,29.442227,14.176333,-31.287664,-83.216927,-49.295043,18.513088,122.767211,118.784577,22.866882,-147.973044,-136.641761,-38.897289,93.421930,299.424719,120.961829,0.320745,-0.157449,-1.083925,-0.215392,-0.229399,0.043469,1.094738,5789.741871,3389.112865,35.215234,762.807516,963.797527,95.000000,1618329702.505779
239.000000,12.345926,24.121699,1.235042,-56.038446,-47.796269,-0.105042,112.710142,71.546699,-2.687174,-148.774840,-196.526295,9.340805,262.963315,269.927364,-11.259857,-358.731685,0.513764,0.182382,-0.656087,-0.331341,0.306740,0.185077,1.090176,4341.103128,5674.544649,35.598028,1358.972437,1109.688017,95.000000,1618329702.521078
240.000000,13.084903,22.569761,-16.399697,-53.186565,-29.193881,69.255191,105.420827,4.063998,-161.686480,-98.766667,64.935850,212.326707,34.406785,-231.629723,-252.826281,-1.531326,-0.195530,0.004334,0.061724,0.050003,-0.193810,-0.057440,1.076797,5016.022515,4450.453823,36.188175,841.318821,1302.182091,95.000000,1618329702.537054
241.000000,12.876912,14.131337,-29.279997,-53.194018,15.157387,80.469850,34.172712,-115.382010,-112.595676,37.756276,141.264607,19.635467,-70.368587,-150.816453,46.965106,242.078345,-0.246359,0.266583,-0.078309,0.511036,0.280661,0.119980,1.089817,2294.601545,5036.706274,34.944003,972.989887,823.592889,95.000000,1618329702.552780
242.000000,13.725739,8.279814,-34.219636,-38.150924,49.345238,48.026519,-60.141202,-128.454974,31.891155,164.322330,0.325069,-183.235927,-80.493368,292.832778,114.378425,-62.721877,-0.419831,-0.174811,0.559022,0.440335,-0.583775,0.448210,1.069914,4718.926850,6489.474401,35.888846,799.473389,1134.948502,95.000000,1618329702.568558
243.000000,13.699936,2.030053,-45.247971,-6.071502,55.708203,11.981567,-92.667242,-13.922740,134.933275,35.553785,-77.284474,-54.123047,260.877044,51.370174,-118.213552,-87.381742,-0.012969,-0.426252,0.392877,-0.480882,0.672008,-0.282575,1.070502,4777.665423,6506.378347,36.323725,1021.419038,1324.307279,95.000000,1618329702.583688
244.000000,13.628704,-4.546177,-40.835728,18.453530,59.532026,-48.406490,-88.104121,77.980750,89.728761,-146.091708,-70.756813,84.627580,23.653750,-62.501692,5.052892,60.477768,-0.049717,-0.669957,-0.105513,-0.040762,-0.337350,0.136333,1.084058,4989.363324,4944.223814,36.326799,1027.879645,609.500977,95.000000,1618329702.599209
245.000000,14.154521,-11.187802,-32.634276,39.931838,30.326832,-84.316800,4.788620,74.003691,-70.135307,-124.153424,69.405321,63.366333,-208.421396,22.032657,215.249808,-194.372401,0.376815,-0.528910,-0.001083,0.089873,-0.147515,-0.229642,1.087208,5767.165056,4636.602688,35.968307,817.268373,967.552036,95.000000,1618329702.614686
246.000000,13.015423,-16.055945,-21.963253,65.514958,-16.114042,-71.457700,59.409164,39.525643,-120.924321,69.949220,53.983199,-131.793045,-4.139444,94.441656,-172.783772,-169.201637,-0.716627,0.084806,-0.329002,0.140791,-0.309686,0.115421,1.071177,5835.462537,5369.611154,35.343297,965.781895,994.557597,95.000000,1618329702.629971
247.000000,13.319275,-22.191442,-6.879764,60.226280,-54.302359,-27.025794,127.767714,-101.604484,-56.491074,164.732680,-104.431418,-77.700229,216.359988,-76.827091,-61.547223,235.917344,-0.369571,-0.244782,-0.339406,0.002310,-0.627538,-0.028538,1.066684,5259.604913,6859.321554,35.121682,942.706481,765.280377,95.000000,1618329702.644825
248.000000,11.465940,-27.796915,8.206553,37.059269,-66.429250,33.241724,45.401344,-83.076501,107.523983,14.880960,-152.511228,119.966340,-27.716082,-116.818419,347.520091,-102.348172,0.217703,-0.469706,-0.164645,0.004357,0.419380,-0.378159,1.064196,5476.162069,4298.151543,35.206711,1310.932797,1191.418214,95.000000,1618329702.660308
249.000000,10.395146,-27.289234,24.046027,11.392825,-54.538150,91.056080,-50.283475,-42.696449,136.952972,-89.495705,43.882036,87.187270,-276.980589,188.455323,-10.811130,-95.219604,0.289316,-0.671071,-0.143197,0.048804,-0.125170,0.261045,1.083024,6257.818715,5230.030440,36.528259,901.503624,1113.825845,95.000000,1618329702.675470
250.000000,9.353662,-26.386676,34.491481,-12.799303,-25.777817,76.176453,-120.969030,57.887846,17.956882,-110.730636,156.674592,-182.032778,28.830045,33.468641,-102.647368,265.730112,-0.021158,0.319223,0.517898,0.192314,0.050637,0.117854,1.064019,4982.354300,4576.328754,35.830981,1091.730040,924.755370,95.000000,1618329702.691493
251.000000,8.281094,-27.979309,36.643983,-42.581221,15.083543,31.375601,-66.701399,153.531880,-79.347675,40.866991,27.146895,-129.646989,77.796586,-126.163647,68.006363,-44.373490,0.055125,-0.524241,-0.307358,0.243849,0.832648,0.064332,1.075665,4757.571081,3602.214378,35.762509,908.627297,823.319871,95.000000,1618329702.707164
252.000000,6.860902,-22.056165,45.600482,-55.636713,50.517161,-24.467882,-6.582041,37.739568,-111.418989,93.642375,-105.456735,129.636008,-74.892977,-30.069870,98.409276,-344.401335,0.428656,0.372350,-0.177877,-0.340278,0.304559,-0.003413,1.097069,4783.436976,4109.541667,36.448348,980.085825,1191.163777,95.000000,1618329702.722382
253.000000,5.241245,-19.474264,31.735665,-49.568183,73.802771,-84.695161,83.103807,-45.937366,21.802127,25.370333,-97.822366,145.883784,-145.419616,67.602800,-354.204031,223.870224,-0.468413,0.064910,-0.329250,-0.825985,-0.475984,-0.154435,1.070731,6444.443140,4709.473771,36.285293,979.509372,1004.157959,95.000000,1618329702.737413
254.000000,3.689827,-12.517493,29.136012,-49.225218,76.052018,-103.991793,102.115442,-112.133582,107.499855,-96.773904,130.954265,-49.820290,36.940093,-65.423260,25.397332,41.363604,0.194486,0.016567,-0.112881,-0.505522,0.452659,-0.247779,1.066526,2793.011353,5092.362887,35.864093,975.942733,1155.033041,95.000000,1618329702.753157
255.000000,1.732551,-6.133251,11.352595,-16.167923,25.520026,-29.343061,41.856404,-60.535096,72.258681,-114.125325,169.007782,-151.208681,229.073295,-221.068737,163.996114,-248.861621,-0.058582,-0.370448,0.469684,-0.025085,0.148029,0.145401,1.042893,6781.615582,3768.576449,37.098752,1194.823891,1357.996669,95.000000,1618329702.768317
0.000000,-0.000000,1.397930,-4.395063,9.998323,-13.038679,24.712288,-22.995575,50.120243,-68.078791,52.357968,-51.210202,124.951378,-162.488451,86.022049,-71.049226,203.614747,0.052089,0.358484,0.201210,-0.688580,-0.558856,-0.092199,1.078694,5027.410291,5257.535557,36.324055,1106.438755,613.822025,95.000000,1618329702.783711
1.000000,-1.791428,8.036138,-16.746628,31.778113,-53.523191,50.182589,-65.547324,153.878378,-168.589117,101.778852,-112.525148,87.278665,-130.476282,182.473549,-127.040145,127.957840,0.584302,0.422203,0.166817,-0.381443,-0.433078,-0.515366,1.073007,4760.609631,6778.269961,35.595055,894.130349,1175.390338,95.000000,1618329702.799236
2.000000,-3.435340,15.902904,-33.661873,45.817578,-64.722075,106.733860,-100.491145,87.453400,-36.374326,23.474478,25.410104,-65.726949,134.027588,-61.270638,153.183293,-250.794577,-0.823620,-0.210019,0.030522,0.533597,-0.623803,0.174448,1.069458,4985.001364,6160.921753,36.133244,1420.775081,1098.831552,95.000000,1618329702.814403
3.000000,-5.235810,20.155901,-34.788558,54.194666,-55.941448,48.412579,-15.187165,-16.037690,102.674934,-177.116263,139.348842,-92.805783,137.770465,-50.064164,-14.633704,103.929376,-0.396012,0.021381,0.119569,-0.094337,0.555339,-0.040365,1.083119,5662.261216,4990.490123,36.000459,944.960673,1505.618913,95.000000,1618329702.830226
4.000000,-6.793620,24.945549,-41.618693,43.517195,-31.441140,-9.223383,78.548050,-131.231083,137.485465,-123.970450,28.547150,71.161527,-139.176527,284.102083,-206.996555,69.173742,-0.309955,-0.319572,0.071454,-0.207725,0.047749,0.531664,1.099017,4679.604869,4731.777897,36.413115,1024.134918,1170.140668,95.000000,1618329702.845590
5.000000,-8.087127,29.491184,-37.445310,28.917301,14.317932,-53.923138,75.269327,-103.650379,33.232512,56.795696,-116.031507,236.700641,-148.590273,-6.181229,236.166688,-243.048349,0.182832,0.361722,-0.722251,0.312061,-0.106963,-0.049895,1.094704,6050.088099,3120.493776,35.755641,842.962135,885.400584,95.000000,1618329702.860523
6.000000,-9.346656,26.158992,-33.034205,-1.366013,51.734315,-82.629649,74.934651,11.174489,-76.148370,161.198316,-56.292095,-27.027507,246.141433,-176.772961,154.572224,20.813055,-0.198569,-0.320452,0.070068,-0.043346,-0.477860,-0.472691,1.063970,6131.106327,4407.486648,35.685091,1356.203685,982.372261,95.000000,1618329702.876163
7.000000,-10.821376,28.992411,-15.478115,-25.393078,67.635402,-58.343056,-15.712696,124.406731,-141.322616,20.671157,163.299283,-166.111103,132.290969,32.221885,-263.721770,303.160206,-0.187120,-0.002259,0.032738,-0.043304,0.386486,0.242730,1.080034,4038.981096,5391.751596,35.707470,736.509049,1197.441115,95.000000,1618329702.891577
8.000000,-12.509656,26.024521,-0.943162,-48.443426,56.975749,-0.095940,-58.061720,59.764327,3.471314,-167.681150,88.335288,10.316244,-156.053591,172.654004,15.957720,-104.356514,-0.309498,0.134266,-0.059549,0.287265,-0.192817,-0.658635,1.091974,4000.001813,6085.045886,36.819469,1409.123967,835.471594,95.000000,1618329702.907404
9.000000,-13.186284,20.502371,13.357058,-59.183337,30.502274,73.897534,-108.801244,3.354188,118.748240,-119.878004,-87.229452,69.263787,-51.151581,-80.510689,169.447038,-0.786175,0.328837,0.402246,-0.749754,0.765861,0.368056,0.567415,1.085734,5931.109254,4088.616126,36.294278,1020.911521,811.697776,95.000000,1618329702.923261
10.000000,-13.166420,16.498909,29.572296,-48.951589,-13.922768,95.599346,-26.339846,-102.429068,107.620709,49.879624,-120.642285,14.229634,179.712873,-185.724599,-165.432148,282.039769,-0.095911,-0.430880,-0.633544,0.241410,-0.139571,-0.113780,1.078621,5678.499205,4727.139198,36.003416,1175.952272,1294.306432,95.000000,1618329702.938157
11.000000,-13.700527,9.412406,34.128149,-34.420206,-50.533298,60.993962,42.993257,-86.450002,-32.002559,190.239106,-0.236406,-206.553511,75.143619,261.353163,-99.301868,-247.737530,0.400923,-0.118723,0.184447,-0.406970,0.494638,-0.000446,1.081067,6403.382527,3279.078445,35.745213,1183.326882,828.632009,95.000000,1618329702.953736
12.000000,-13.923308,2.183395,46.788864,-4.682755,-63.454436,12.875477,131.361841,-15.842627,-141.154069,15.045807,116.704488,-30.276016,-70.091250,29.357911,250.227039,-36.708838,-0.179815,0.483152,-0.366133,0.053490,0.041041,-0.427663,1.076333,6124.250138,4747.906354,35.954309,922.940874,988.078696,95.000000,1618329702.969079
13.000000,-14.104579,-5.224043,40.658767,24.955973,-76.691693,-60.462393,70.776439,88.408149,-93.557550,-67.639605,51.090146,247.944415,-28.067008,-161.094112,-24.084436,103.083747,0.251581,0.742991,0.311258,0.083228,-0.765996,0.225141,1.092323,5373.165832,5659.834056,35.965324,1025.804241,1061.314440,95.000000,1618329702.984597
14.000000,-13.827135,-10.721236,32.871337,44.096378,-26.613109,-79.266227,-5.835182,80.866948,40.844153,-58.791940,-78.013430,57.969871,281.606401,28.244423,-90.909662,-123.415128,-0.000944,0.013251,-0.023589,0.512208,0.097044,-0.046907,1.063403,4947.342552,4339.603655,35.947155,1022.063034,1160.600897,95.000000,1618329703.000742
15.000000,-13.243709,-17.614472,20.505746,61.900428,14.253033,-66.151149,-63.662759,28.118722,165.751172,80.660440,-75.608616,-141.404614,7.079388,111.010194,193.150825,-84.451229,0.358562,-0.140453,-0.127091,-0.267860,0.176343,-0.246687,1.077905,4168.085607,4359.975973,34.583509,819.797706,1081.176694,95.000000,1618329703.016152
16.000000,-13.387339,-20.483866,5.813440,47.889531,46.635871,-15.164845,-63.914901,-54.756679,44.859032,103.401629,95.273640,-33.171043,-127.984268,-35.752176,169.015494,127.131072,0.313483,-0.333193,-0.211095,0.373171,0.014550,-0.601717,1.089176,6208.066393,6128.059779,36.105010,1185.109556,1323.980239,95.000000,1618329703.031825
17.000000,-11.629724,-23.613825,-10.215977,39.675568,87.598717,30.078251,-33.764006,-134.761778,-108.153847,15.342650,111.077325,87.414442,16.091927,-88.533855,-73.647769,-22.733232,-0.376239,0.516184,-0.021142,-0.293339,-0.302095,-0.310343,1.108821,4294.440909,4131.667230,35.506341,850.599194,1020.672877,95.000000,1618329703.047096
18.000000,-10.811097,-29.167636,-25.136026,12.879426,68.893785,77.099478,52.208394,-60.764441,-101.317737,-141.222019,-58.764159,87.775617,89.099134,210.335060,14.320148,-205.411111,0.370533,-0.091798,-0.403593,-0.115010,0.178579,-0.129591,1.081459,4123.059228,3424.055380,36.134394,1005.926156,1244.118633,95.000000,1618329703.062260
19.000000,-9.875265,-25.827231,-35.556154,-15.017737,27.829545,92.201723,91.824002,47.924136,-13.060150,-148.649670,-210.770833,-75.919215,-41.370136,74.760905,123.883581,198.838392,0.521973,0.562776,-0.117405,0.204096,0.268890,-0.050170,1.081393,5601.751534,7220.691631,35.922661,1043.586935,689.657666,95.000000,1618329703.077723
20.000000,-8.326380,-25.809152,-37.770982,-35.135299,-17.223998,30.789549,96.644765,85.118146,119.678019,91.910795,-12.687980,-152.329723,-222.124875,-131.521717,-207.167571,-26.739901,-0.961511,-0.062469,-0.001167,0.303881,-0.094029,-0.639761,1.081891,4711.037247,4456.004584,36.295201,1033.640004,1108.431119,95.000000,1618329703.093644
21.000000,-6.591164,-23.052299,-42.566027,-60.773478,-52.622411,-33.264560,5.621761,49.920028,82.006363,145.259708,79.194146,151.567021,83.954165,-16.320717,-145.914395,-66.750893,-0.141635,-0.316701,0.039594,0.141507,-0.040335,-0.354932,1.062987,5335.067560,5606.733985,36.133886,652.480844,1000.926098,95.000000,1618329703.109421
22.000000,-5.055928,-16.531226,-37.008812,-64.159507,-71.364284,-70.470376,-57.479804,-63.741000,-17.804166,32.294036,35.823773,199.198748,135.562954,228.251296,57.265073,259.729829,0.390607,0.034549,0.202724,0.614698,-0.156677,-0.329127,1.087524,4117.137919,4033.449870,35.856381,1175.951740,1016.076247,95.000000,1618329703.124608
23.000000,-3.642122,-11.264620,-24.222937,-42.020411,-48.037160,-57.273087,-90.709157,-135.182550,-154.433045,-131.182172,-126.718983,-123.467089,-34.854212,-85.097935,-8.913197,47.732160,0.547114,0.139709,-0.019657,0.793004,-0.081908,-0.251000,1.083311,4592.834771,4675.422479,35.912490,982.023624,903.733186,95.000000,1618329703.140519
24.000000,-1.686565,-5.239885,-13.268155,-16.605262,-24.437459,-53.178277,-72.483245,-92.559634,-120.181502,-51.215514,-170.296954,-106.489879,-166.553496,-206.190119,-139.412111,-155.981424,0.501854,0.181065,-0.311458,-0.252894,0.391977,0.737841,1.071012,4683.299717,4655.677372,36.787547,904.462761,1194.600458,95.000000,1618329703.155550
25.000000,0.000000,1.545380,4.768975,10.041452,13.478860,23.397187,27.288133,38.411655,55.342018,39.923955,111.005413,62.106644,168.825920,129.961103,138.789003,257.866926,-1.020819,0.367057,-0.615864,0.039874,-0.510686,-0.016488,1.069385,3929.236649,3787.649756,35.666038,817.049369,625.392518,95.000000,1618329703.171891
26.000000,1.821792,9.223818,19.742428,29.607641,52.819040,64.544238,94.650086,67.043667,98.511017,88.000051,175.660831,102.623878,144.339475,189.229095,66.567980,114.505135,-0.304098,-0.736262,-0.221024,0.442917,-0.880909,-0.316758,1.090766,5637.738527,5449.929300,35.663456,969.016075,1286.190873,95.000000,1618329703.187783
27.000000,3.422035,15.431528,36.333152,61.132365,58.604016,100.585936,111.802549,78.165120,68.226182,15.440676,-12.165716,-96.705283,-92.496358,-191.912325,-325.390661,-173.309271,-0.024907,0.303224,-0.137654,0.123699,0.535428,-0.493797,1.084864,6249.068557,5670.696022,35.264104,1220.036235,731.329688,95.000000,1618329703.202892
28.000000,5.265970,21.865487,38.917149,47.157637,62.176636,45.153775,14.712987,-25.749909,-90.237064,-110.816993,-92.683271,-250.668414,-73.861105,-58.599095,19.915107,136.698395,0.275425,-0.180027,0.553805,0.193015,-0.002081,0.136206,1.095800,5743.365561,5271.795123,36.005073,1111.219822,692.605123,95.000000,1618329703.218382
29.000000,6.970012,25.923926,37.152023,44.804206,28.911213,-9.370542,-81.662678,-73.756339,-123.678402,-55.475969,-21.476047,59.326946,176.510138,206.501176,82.405273,91.321078,-0.459595,0.029815,0.188958,-0.290015,-0.093024,0.346067,1.081191,5262.146514,4509.695768,36.132250,984.768634,1201.347269,95.000000,1618329703.234332
30.000000,8.168427,29.648229,39.439204,29.606261,-14.773628,-61.842347,-130.544439,-97.516278,-30.640734,43.564118,188.492653,84.657296,93.397243,-4.897309,-67.520690,-388.981141,0.634888,-0.476477,0.489063,-0.006070,0.348842,0.304918,1.076991,2971.167827,5740.948691,36.004674,1050.299101,898.006584,95.000000,1618329703.249982
31.000000,9.955922,30.429410,28.487044,-1.261798,-57.390498,-109.315016,-45.566545,11.144951,129.872732,172.989642,133.876423,-33.765388,-227.259887,-155.107299,-188.239329,36.535390,-0.196912,-0.118655,0.365359,0.381113,-0.124954,0.394584,1.083575,4270.062023,3743.373572,36.964428,965.612582,1076.672406,95.000000,1618329703.265850
32.000000,10.966802,25.876514,16.206954,-26.320579,-55.038380,-44.230524,15.218185,68.707131,146.432133,14.941836,-66.711085,-189.488049,-143.365461,39.221069,246.974856,144.091791,-0.428041,0.224405,0.203237,0.127196,-0.233215,-0.645367,1.068626,5558.577492,4633.098421,36.824368,1187.624921,789.260525,95.000000,1618329703.281668
33.000000,12.260385,22.729646,1.069834,-53.415798,-58.586708,-0.140727,105.476874,132.464041,-3.890591,-148.185636,-85.517677,3.295018,90.592350,99.179313,-7.998876,-332.526105,-0.118962,-0.542836,0.385908,0.278895,-0.340322,-0.179957,1.093540,5565.863824,5880.035218,35.679398,882.258761,927.501483,95.000000,1618329703.296996
34.000000,13.342614,21.926054,-16.553976,-66.033199,-25.084955,45.744280,122.138150,2.528064,-104.553859,-54.116313,86.116936,78.282392,76.491825,-86.355598,-138.868336,-0.356548,-0.387853,-0.495482,0.384270,0.503014,0.328442,0.011409,1.073027,5029.243936,5729.821916,36.516736,737.380083,671.162602,95.000000,1618329703.313126
35.000000,12.880609,14.286002,-26.816416,-53.969934,15.556565,100.526053,35.548443,-72.281452,-101.927792,42.223799,80.980103,19.826315,-238.396844,-125.438810,115.784060,276.649714,0.137765,0.042205,-0.207450,0.391953,-0.420875,-0.058846,1.088152,5390.861161,3925.049187,36.237173,1027.044947,1342.673518,95.000000,1618329703.328708
36.000000,13.386478,9.758111,-39.048370,-33.783075,60.852064,78.183265,-39.123195,-140.178289,25.967797,173.362440,0.356807,-217.700312,-17.814520,92.561212,163.932390,-118.114142,0.075151,0.012901,0.179321,-0.149327,0.602163,0.223043,1.100282,5166.424873,5335.678057,36.035434,885.532984,1186.414737,95.000000,1618329703.344080
37.000000,14.806628,2.230868,-39.718744,-5.438345,60.558697,9.445326,-64.513651,-19.836534,158.138495,12.931417,-102.057317,-34.128004,242.977366,52.143946,-130.413858,-60.291851,0.187445,-0.297993,0.100998,0.059004,0.188942,-0.166519,1.078824,5674.639507,3904.636092,35.545607,1147.970103,908.069974,95.000000,1618329703.359531
38.000000,14.696832,-4.967133,-42.177268,25.426436,59.724489,-43.923145,-91.487334,59.720715,85.772413,-93.163202,-35.416821,69.375318,24.210391,-305.664142,17.945434,175.786732,-0.376053,0.070503,0.177788,0.032165,-0.259129,-0.337984,1.074293,4245.335749,4517.051118,35.564852,810.850117,1039.878858,95.000000,1618329703.374964
39.000000,13.599573,-12.720491,-29.975151,48.176466,22.238243,-83.404676,4.894170,116.111114,-36.833049,-98.634268,92.016675,82.637284,-207.836794,31.494371,56.837126,-32.936028,0.178290,-0.072406,0.051219,0.431143,0.125865,-0.258870,1.067941,5958.574372,5901.178576,36.149468,1161.659629,911.534049,95.000000,1618329703.390311
40.000000,13.712339,-18.019538,-22.060411,45.249774,-11.504575,-56.522260,54.975731,37.082904,-137.561432,90.927053,156.095939,-165.401680,-3.377828,133.974257,-182.929618,-126.055419,0.052378,-0.474484,0.273733,0.382425,0.383954,0.022784,1.072370,4941.647850,6413.497193,35.119634,1240.471023,1047.300608,95.000000,1618329703.406449
41.000000,12.172836,-21.146226,-6.410484,53.831682,-53.344863,-15.430877,126.904631,-82.984263,-46.584971,145.972712,-116.293962,-92.441451,296.644348,-53.487247,-85.492824,333.556316,0.627859,-0.064697,-0.112860,0.249416,0.394178,-0.135052,1.081456,4601.991188,4837.774979,35.750183,969.484792,911.586396,95.000000,1618329703.422616
42.000000,11.391643,-26.712564,8.391643,31.423814,-74.449888,44.760119,43.245867,-105.367586,59.400692,29.921020,-132.984400,141.465577,-12.101227,-65.320791,71.140365,-94.806591,-0.388912,-0.125219,0.187865,0.238773,-0.069783,-0.478582,1.073749,6577.140774,5631.665253,35.988148,995.072598,1107.413281,95.000000,1618329703.438376
43.000000,10.838856,-30.754474,21.262621,14.387851,-76.813992,92.210261,-28.524002,-59.135906,173.985828,-151.812534,28.473067,81.269578,-261.739657,239.120340,-15.371304,-144.322779,0.124308,0.030649,-0.040181,-0.957332,0.252178,0.553935,1.074622,4801.979849,4816.247080,35.834061,993.282264,1008.297779,95.000000,1618329703.453411
44.000000,9.829330,-27.897693,35.754928,-15.526438,-31.089546,85.023993,-105.518436,40.633184,10.033030,-118.998352,182.137625,-97.973269,54.893145,113.244974,-188.262943,381.440011,-0.008848,-0.926528,-0.128770,0.129762,-0.472770,0.220090,1.082564,5657.977022,4457.590758,36.244606,753.507826,1248.083326,95.000000,1618329703.469362
45.000000,8.669796,-24.041477,38.019320,-40.121466,16.542520,36.597642,-82.568745,138.308313,-130.008659,31.998269,22.344314,-57.608181,168.012910,-109.560979,189.456548,-26.104470,-0.264868,-0.208255,0.091541,0.309144,0.377501,0.337563,1.072477,5596.117406,5622.109360,36.310138,842.287333,957.058601,95.000000,1618329703.484776
46.000000,6.576784,-23.354819,42.552340,-56.292441,44.540213,-29.041477,-7.749079,58.143483,-145.881090,167.391213,-185.642270,179.946696,-33.928218,-7.650659,141.723167,-308.520033,0.106369,-0.178520,0.158111,-0.055185,-0.054630,0.204669,1.076337,6641.542609,4427.601768,35.521253,916.300830,1333.302111,95.000000,1618329703.500826
47.000000,5.101364,-18.231174,31.437023,-58.433481,80.689255,-91.829505,76.416219,-58.193611,19.293238,34.040335,-78.773309,99.906786,-272.550948,84.291946,-187.430468,59.546997,-0.291818,0.013200,-0.294138,-0.476610,0.274797,0.135400,1.085344,5103.125852,6108.126805,36.171208,1057.498392,865.174513,95.000000,1618329703.515644
48.000000,3.686063,-11.349687,26.506349,-34.193760,75.650560,-79.005904,120.150895,-118.104258,75.021012,-122.132946,165.406915,-133.696797,122.345634,-78.705765,14.631911,22.717854,0.293238,-0.253891,0.272812,0.174632,0.059964,0.183412,1.081549,5319.144407,4653.514249,35.627830,932.557807,929.742112,95.000000,1618329703.530894
49.000000,1.787501,-5.799781,10.571868,-23.097768,31.724198,-46.678685,65.362612,-88.373026,65.416364,-54.395554,55.224136,-65.428426,255.267368,-91.696769,76.479497,-199.532847,0.030774,-0.000493,0.251957,-0.185183,0.308759,0.369631,1.078761,4183.425005,5240.275387,35.430068,1007.272299,935.861484,95.000000,1618329703.546166
50.000000,-0.000000,1.329943,-4.351843,6.963572,-17.258031,26.283472,-21.143432,23.591433,-60.952427,69.385004,-103.793283,68.872294,-105.060962,147.798096,-75.594290,187.430621,-0.089658,0.659253,0.403360,-0.135283,0.233405,0.061585,1.092740,3905.549656,5398.588887,36.762266,1308.406775,1617.203683,95.000000,1618329703.561544
51.000000,-1.703009,8.091211,-17.689397,36.564780,-44.786044,86.655435,-89.779608,124.019309,-152.112687,133.572249,-87.295962,106.769198,-201.833357,169.791123,-41.771851,38.174648,0.490683,0.035943,-0.046135,-0.032930,0.127134,0.000680,1.077296,4004.016130,4871.994614,35.302023,473.313726,767.429230,95.000000,1618329703.577391
52.000000,-3.481317,13.429500,-36.153685,50.672068,-74.681045,92.222816,-90.063758,70.023239,-58.025399,37.553618,25.488109,-108.045281,87.796230,-127.382113,298.506848,-76.055990,-0.174639,0.257606,-0.362820,0.025020,0.259759,0.290798,1.076445,3945.012375,5593.767635,35.062426,1162.213465,1340.392959,95.000000,1618329703.592725
53.000000,-5.107520,18.710637,-34.540271,53.229484,-58.943927,45.042185,-15.914973,-31.133883,55.106732,-88.618237,212.957133,-108.069385,77.361324,-104.415054,-5.350329,127.055372,0.764601,0.148605,-0.272054,-0.055516,0.371935,0.427707,1.069935,6286.638472,4356.486980,36.129383,811.299100,1118.111150,95.000000,1618329703.608269
54.000000,-6.710907,24.153997,-37.698431,53.379936,-23.820817,-11.495341,42.601689,-75.517029,93.853607,-63.244563,34.913583,58.856492,-166.765297,279.176671,-273.353196,49.612043,0.465919,-0.373169,0.055752,0.512809,0.168363,0.040964,1.082791,4157.641065,5996.036650,36.718803,1118.056716,966.797071,95.000000,1618329703.623709
55.000000,-8.266723,28.949665,-42.369666,30.956651,17.389949,-76.637884,72.742367,-123.561074,19.406528,77.155401,-211.720538,216.735812,-159.540897,-4.803190,40.470792,-100.374506,-0.194948,0.350148,0.278839,0.516020,0.116450,0.032801,1.080627,5196.334515,4438.097462,35.968054,1175.523392,1168.775040,95.000000,1618329703.639814
56.000000,-9.747088,28.171068,-27.663262,-1.101750,52.360966,-97.724637,81.862647,14.896960,-84.878006,207.582544,-48.687066,-24.707099,130.312177,-150.582879,58.781087,42.470684,0.280682,0.415222,0.023703,0.037128,0.191450,0.911894,1.069566,4687.128159,5188.269021,36.751651,1178.272151,930.715440,95.000000,1618329703.655735
57.000000,-11.293546,24.908496,-16.236532,-28.009870,71.363741,-70.212768,-13.787828,137.211324,-116.641082,34.682820,58.386611,-244.488219,41.547257,105.603258,-160.277693,68.039601,-0.182009,-0.266896,-0.445915,0.302003,-0.309901,-0.340428,1.067597,5687.508920,5803.474757,36.027434,883.116419,1413.504430,95.000000,1618329703.670696
58.000000,-11.913645,27.339949,-1.248000,-57.409445,61.488262,-0.131979,-66.982025,120.312819,2.415033,-119.360255,174.972574,4.234266,-88.777294,270.088093,24.894510,-318.775457,-0.085888,-0.144839,0.228522,-0.232146,-0.191198,0.896380,1.087685,5516.211331,6264.202020,35.784594,753.733221,834.711748,95.000000,1618329703.686184
59.000000,-12.882421,21.602740,14.324297,-62.219798,24.355725,68.896049,-94.304868,3.872937,123.668207,-150.011395,-79.102892,261.135961,-52.588033,-199.869833,75.942613,-0.731918,0.319694,-0.051431,0.345244,0.175752,0.678438,-0.284557,1.080761,4555.165097,4663.830954,36.159632,824.318327,1150.340972,95.000000,1618329703.702168
60.000000,-13.991478,15.132906,27.710927,-41.637049,-13.694582,103.234837,-20.867354,-64.439615,102.321366,66.256364,-102.347830,15.422958,188.838091,-160.065871,-168.817149,107.928992,0.303565,-0.711728,-0.055770,0.498523,0.177586,-0.141233,1.098788,6044.126875,6046.014793,36.016953,1170.109062,1193.458381,95.000000,1618329703.717199
61.000000,-14.069802,8.732514,38.318300,-28.126465,-64.325528,58.378937,48.067305,-68.420009,-47.940829,161.509368,-0.561631,-166.868475,46.369903,176.987395,-167.967782,-167.417496,-0.587815,0.475827,-0.365900,0.051946,-0.310130,-0.612230,1.083942,5392.884229,6297.876567,36.051339,947.533160,960.568795,95.000000,1618329703.732394
62.000000,-13.730239,2.269020,44.258774,-5.897631,-80.251448,11.826184,79.251518,-22.597611,-141.422385,20.122820,142.164968,-44.877294,-124.544630,65.528770,74.165517,-90.832150,-0.552670,0.163545,-0.335689,0.225079,0.090947,-0.535105,1.074686,3509.522019,3952.228642,35.711927,771.103265,844.000964,95.000000,1618329703.748107
63.000000,-14.495528,-4.499028,44.526078,25.762274,-56.212516,-62.477211,84.318860,73.161779,-96.916541,-74.556733,81.220087,154.031168,-36.964732,-176.190789,-24.308936,99.480138,0.001725,0.491994,-0.670800,0.270645,0.031420,0.558119,1.078837,3541.568986,4000.822889,35.351057,1307.249400,1094.792594,95.000000,1618329703.763216
64.000000,-14.225361,-11.665114,29.590222,43.733753,-32.789936,-103.432012,-4.055317,103.876502,54.657163,-105.143001,-199.009392,29.207905,208.251484,36.503249,-255.893041,-208.779482,-0.043439,-0.379973,0.028975,0.024829,-0.135273,-0.062741,1.079384,5460.515761,5071.616456,35.689882,787.582521,1283.728685,95.000000,1618329703.778794
65.000000,-12.998991,-18.881380,22.116503,52.885731,10.585357,-83.884459,-58.413647,31.207681,162.084244,31.940719,-67.501481,-68.051842,4.510176,118.747086,160.620372,-190.881520,-0.188725,-0.032777,0.473831,0.260009,0.110994,-0.554143,1.068711,4746.140525,3968.727905,36.038866,934.955279,1063.738433,95.000000,1618329703.793591
66.000000,-13.127264,-24.424775,7.049288,50.931520,46.018035,-15.323580,-83.298334,-71.839581,32.796396,85.290775,50.834731,-84.474618,-283.486886,-148.227568,170.445795,97.764034,0.251681,-0.046223,0.313531,-0.394614,-0.166175,-0.162497,1.080716,4984.030736,3674.270369,36.108427,1247.987989,1084.360338,95.000000,1618329703.809475
67.000000,-11.943654,-23.617541,-9.322215,32.986762,80.429759,29.698310,-57.179557,-98.090766,-52.396802,14.204723,166.244494,141.104333,28.698762,-56.331806,-261.021245,-31.214691,0.037455,0.660580,0.290932,0.040706,0.143808,-0.531476,1.076155,5275.574301,5450.871677,36.534412,1212.929639,779.117077,95.000000,1618329703.824642
68.000000,-11.037523,-25.707636,-24.301102,14.222830,71.975113,74.529301,47.493140,-41.804989,-77.880505,-99.694834,-41.500537,99.547483,114.427779,235.960287,15.380365,-38.465064,-0.593642,0.093703,0.052337,-0.619140,0.778814,0.613417,1.089440,5309.686800,3970.280329,36.345174,837.971459,1060.438459,95.000000,1618329703.840417
69.000000,-9.257485,-28.633175,-38.960232,-13.317847,36.080127,81.252058,93.494592,44.088165,-10.284626,-132.853957,-213.657561,-152.983215,-19.379420,81.064701,60.452416,275.880772,-0.550267,-0.677836,0.329537,-0.489736,-0.850159,0.134201,1.102193,5184.601225,4317.009884,36.485761,1143.462238,762.394191,95.000000,1618329703.855858
70.000000,-8.103874,-28.654651,-37.189805,-33.738496,-13.416901,35.532865,63.694671,84.377661,84.829057,54.609919,-20.857426,-132.204709,-185.223098,-63.643489,-140.824925,-36.770885,0.334762,-0.006758,0.117471,-0.004632,-0.202332,0.257492,1.085417,5175.414125,4211.908049,35.640787,1242.911368,901.426588,95.000000,1618329703.871056
71.000000,-6.825461,-22.296801,-37.550577,-63.834592,-50.168117,-33.004377,7.117986,73.698089,132.323809,131.842993,171.053844,68.330705,97.038267,-32.528045,-177.700320,-255.889644,0.059423,-0.277996,-0.801238,0.033569,-0.983486,-0.332396,1.083073,4331.678977,4006.310570,35.928855,1281.660458,1000.292645,95.000000,1618329703.886804
72.000000,-5.017918,-16.718023,-39.447018,-63.534321,-63.602114,-58.535210,-61.613686,-72.018564,-15.299439,12.728443,61.254262,91.102959,103.876152,290.136458,79.083303,178.054883,0.089969,-0.417959,0.293173,-0.332793,-0.247213,0.128146,1.080619,4522.703597,6202.149607,35.848720,1020.546995,1074.696278,95.000000,1618329703.902923
73.000000,-3.519595,-13.415160,-26.557798,-37.734108,-60.333134,-74.764490,-64.950282,-143.171509,-159.648160,-115.727600,-91.965141,-112.105552,-74.026951,-39.497391,-10.227618,39.428625,0.425118,0.039669,0.215229,0.337322,-0.160736,0.435252,1.081061,5194.408287,4909.528459,35.967578,766.470309,1111.865324,95.000000,1618329703.918359
74.000000,-1.801279,-5.124012,-13.317132,-16.280833,-24.115357,-42.583108,-47.419529,-75.577005,-111.623824,-63.633889,-151.452737,-83.408840,-106.203655,-122.919603,-130.192582,-376.884942,-0.249260,0.090520,0.394222,0.006417,0.431386,-0.037293,1.076617,5249.813295,7328.311493,36.369499,901.942313,1085.170796,95.000000,1618329703.933844
75.000000,0.000000,1.533283,4.455877,8.479338,15.386272,15.359573,31.503359,47.184340,62.904065,60.373984,110.075656,138.855967,153.801075,110.399008,127.622310,69.887322,0.044690,0.191475,0.702108,-0.063162,-0.218572,-0.312801,1.091886,4734.293755,3819.947598,35.601235,1237.179168,959.005764,95.000000,1618329703.949451
76.000000,1.807770,8.131600,16.747172,27.593709,49.507035,52.768061,118.942259,73.230904,130.409332,119.660732,114.010689,63.659777,167.421761,198.240961,35.156527,67.694477,-0.596215,0.630967,0.216501,0.241450,0.256616,-0.473208,1.071190,4406.866774,4312.734105,35.735353,1104.626841,1089.508401,95.000000,1618329703.964731
77.000000,3.580946,15.632395,34.864237,61.333714,72.172546,97.847306,67.536811,90.585008,37.292411,14.360175,-16.528119,-38.141411,-43.600546,-203.584124,-84.727886,-230.704124,0.075710,0.289582,-0.052825,-0.842608,0.008757,0.421490,1.093361,3608.072207,5455.621671,36.773722,1126.429865,836.109928,95.000000,1618329703.980135
78.000000,5.164163,21.407730,41.844127,51.669407,51.577386,36.068326,25.836542,-17.767586,-65.996394,-102.172820,-85.079851,-84.945380,-168.692882,-37.317808,26.492018,71.368189,0.114394,0.227417,0.586296,-0.008642,-0.168955,-0.216941,1.078887,4460.470100,4299.066935,37.114629,905.283020,932.564966,95.000000,1618329703.995468
79.000000,6.594642,25.660534,47.451348,43.205294,27.965258,-11.765538,-74.381992,-113.097395,-119.113915,-146.956533,-58.649784,67.924429,115.390277,202.102719,253.164499,97.461255,0.325492,-0.218252,0.190402,-0.208456,-0.023950,-0.039283,1.087259,5924.841229,5971.297948,35.094062,1030.436301,1046.235662,95.000000,1618329704.011281
80.000000,8.684296,27.079324,44.655451,26.915649,-16.656710,-52.496929,-77.102014,-79.625028,-40.490095,74.721827,108.270793,111.941759,116.183638,-4.004800,-108.043524,-73.227340,-0.287712,-0.171964,0.190727,-0.026197,0.181164,-0.009396,1.083395,6875.232649,3922.126230,35.415224,1179.495496,1012.335797,95.000000,1618329704.026959
81.000000,9.202190,31.027381,26.880652,-1.607614,-44.730346,-69.871415,-49.605866,11.330924,82.237141,168.613160,59.335909,-44.365149,-155.190549,-120.760325,-49.020323,22.191436,0.245296,0.284351,0.193407,0.161813,-1.087411,0.116790,1.102252,6632.963123,2940.643363,36.086056,886.002808,893.378322,95.000000,1618329704.042251
82.000000,10.595304,25.807588,16.508443,-28.663799,-76.490616,-53.856374,17.978844,86.881346,91.942142,15.992000,-83.444704,-167.172875,-114.031869,121.444962,183.182723,63.257394,0.606148,0.629330,-0.682357,0.752787,0.375630,0.362378,1.082028,3784.694775,7148.696929,35.880723,1035.706947,1137.867251,95.000000,1618329704.057908
83.000000,11.753051,22.778616,0.956885,-50.149024,-53.089795,-0.121771,79.221886,121.794896,-2.357210,-86.365321,-142.502809,7.840954,80.434264,74.428803,-13.937563,-354.023409,-0.339291,-0.501799,-0.321001,-0.752756,0.205344,0.326435,1.065959,4983.206703,5625.837583,35.556927,1410.532040,748.275168,95.000000,1618329704.073535
84.000000,12.324675,20.273927,-13.736960,-57.742509,-26.766755,72.466086,73.205135,2.931248,-126.155486,-102.128788,38.420352,210.614981,97.947452,-42.465513,-132.879084,-0.996191,0.013042,0.564174,-0.001436,0.404939,-0.321190,0.141784,1.073001,5174.931501,4279.160800,35.907611,1217.698125,1053.638259,95.000000,1618329704.088616
85.000000,12.937498,14.522139,-24.355082,-54.666557,17.001155,96.472708,21.561359,-57.918385,-113.707835,87.398982,102.828689,20.854354,-235.520795,-134.418018,130.462758,42.911468,0.755669,-0.245070,-0.692174,0.168646,-0.191470,-0.260734,1.082293,5962.905657,3961.743119,35.834002,841.516752,694.882804,95.000000,1618329704.104874
86.000000,14.025789,8.441819,-42.284834,-35.181820,45.738552,57.744306,-48.071455,-143.941577,36.569934,148.858072,0.311227,-227.110548,-62.848385,225.728726,110.744123,-235.570628,0.347928,-0.252468,-0.140450,0.495171,-0.309289,0.384613,1.080924,6572.273008,4843.101157,35.564004,903.337144,704.122458,95.000000,1618329704.120456
87.000000,14.301588,2.220819,-41.680711,-5.741416,73.883212,13.324892,-69.958921,-23.246962,76.546972,33.349714,-110.014792,-38.391068,237.956617,19.049000,-72.629511,-36.427762,0.372775,-0.435394,0.471730,-0.424764,-0.048073,-0.171219,1.084975,5303.554402,4785.146867,36.316461,1518.713153,928.523657,95.000000,1618329704.135383
88.000000,13.495561,-5.004452,-41.910558,22.267410,51.408870,-51.990820,-51.718152,54.769896,77.035331,-92.973333,-63.875968,95.072470,21.401813,-112.880476,7.024576,218.498501,0.764937,0.364329,0.434717,0.347209,0.193917,-0.051859,1.085514,4065.461514,3810.948805,35.591195,616.531925,948.753613,95.000000,1618329704.150686
89.000000,13.354996,-12.734327,-37.187924,35.574597,29.454171,-96.468001,4.798480,68.893629,-87.909734,-94.758702,99.118850,43.907347,-237.874710,36.906704,287.559458,-149.649186,0.433218,0.381469,-0.151120,-0.383972,-0.183275,-0.644707,1.097616,4777.564025,5120.749340,35.714175,989.526737,932.412595,95.000000,1618329704.166526
90.000000,13.248384,-17.029700,-24.035694,47.731873,-15.845204,-90.343033,73.581428,30.801847,-121.794111,57.448433,71.683010,-209.157374,-7.960660,276.479907,-61.557396,-60.279517,0.166947,0.098429,0.305418,0.066629,-0.002278,-0.883128,1.085022,6526.595981,4527.650326,36.475583,782.672848,1204.611932,95.000000,1618329704.182561
91.000000,12.339589,-23.850177,-5.624706,61.783042,-62.497782,-17.781551,103.482544,-98.208569,-43.088056,124.706579,-42.618134,-45.538071,152.550723,-166.783728,-158.827156,260.806086,0.240868,0.202071,0.175785,0.048520,0.085734,0.142150,1.082325,5699.553876,3557.897573,36.408165,581.145945,829.932891,95.000000,1618329704.197987
92.000000,12.142437,-25.601885,8.640356,31.878156,-56.116681,41.307966,42.305311,-89.021890,54.075215,19.012693,-105.286482,89.893827,-15.510752,-122.973740,217.298772,-108.821685,0.032701,0.125444,-0.065838,0.116127,0.369346,0.057562,1.084135,6289.148114,5818.383009,35.835386,1402.924828,1041.973985,95.000000,1618329704.213355
93.000000,10.872878,-30.022801,27.438337,14.710713,-50.083909,69.802565,-38.832631,-56.225227,73.615468,-84.572499,35.109048,74.173693,-106.084285,84.327958,-5.369382,-211.130086,0.051209,0.575794,0.213741,-0.413683,-0.376489,0.790241,1.068785,4888.639895,5257.081306,35.497863,908.811842,1234.206085,95.000000,1618329704.229070
94.000000,10.033725,-28.060689,36.376001,-15.314070,-25.744601,59.140811,-99.785883,74.883935,13.441124,-68.880865,161.182208,-210.094539,37.873486,66.245272,-153.656157,324.234238,0.288051,-0.099472,-0.178548,0.630024,-0.225158,-0.263488,1.090985,7123.495412,6587.891198,36.269637,967.316039,778.061276,95.000000,1618329704.244416
95.000000,8.524118,-24.704319,47.459441,-45.229582,11.547672,23.269263,-88.751006,74.300126,-98.596155,66.625120,15.474400,-80.026729,266.504796,-282.096873,78.668180,-24.508293,-0.010552,0.580425,-0.159091,0.034824,0.462922,0.207982,1.083762,6544.290716,5375.641114,35.977168,1098.021618,848.359351,95.000000,1618329704.260303
96.000000,6.981589,-25.322168,42.301823,-52.684631,51.968029,-32.425035,-9.322142,46.581746,-84.055176,144.770022,-224.404581,64.736128,-68.132434,-8.730342,111.411989,-262.923747,-0.225699,0.082489,-0.203525,0.077240,0.319419,0.562744,1.068496,4875.614154,3552.437426,35.375433,1054.939055,1226.880989,95.000000,1618329704.275550
97.000000,5.417002,-17.932164,34.974007,-58.629563,83.791521,-66.656044,54.193372,-56.239039,12.647031,23.377420,-85.946122,104.340672,-240.299632,311.488189,-198.514616,187.661246,0.424283,0.224801,0.388102,-0.224922,-0.540439,0.137160,1.073116,5702.058430,5727.746865,35.783264,865.808238,1073.563571,95.000000,1618329704.290258
98.000000,3.375523,-11.606785,24.176427,-38.604422,73.924911,-60.831737,99.306064,-119.089048,123.698624,-68.525197,100.662588,-90.256480,115.103764,-70.162507,15.668964,34.982583,-0.242808,-0.127811,0.039119,0.591428,0.379240,-0.050520,1.087816,4030.846110,5782.779748,36.057044,902.588629,1369.688405,95.000000,1618329704.318532
99.000000,1.746412,-5.790476,9.894546,-16.836315,35.585623,-43.679063,36.384578,-89.077641,47.981053,-51.826039,161.671323,-196.227575,165.312817,-155.230908,316.113376,-57.504362,-0.269786,-0.095473,0.084191,0.519398,-0.130887,0.889924,1.082784,5452.070270,3057.409751,36.303390,940.403057,1355.860628,95.000000,1618329704.321983
100.000000,-0.000000,1.385920,-3.885125,9.065766,-13.305096,17.444012,-33.443783,25.422937,-54.196114,77.765629,-87.303984,72.054576,-110.977287,151.192481,-145.807398,123.311441,0.197645,0.175549,0.016778,0.475953,-0.053442,-0.217102,1.084050,4550.393409,3531.235291,35.837343,942.311565,1066.159001,95.000000,1618329704.338001
101.000000,-1.830741,8.306752,-20.529679,35.802885,-62.218209,82.955511,-71.593597,98.265744,-157.597528,80.992655,-208.193679,237.147550,-179.588216,88.347786,-114.182026,35.989651,0.328176,0.296069,-0.055989,-0.009069,-0.089122,0.330823,1.093041,4464.435922,5183.352465,36.122850,807.054627,894.434322,95.000000,1618329704.353649
102.000000,-3.569067,13.506535,-33.985390,61.631732,-84.390715,85.858792,-100.046182,50.437750,-72.516999,37.030295,14.520265,-56.504752,161.531151,-111.938155,334.400803,-304.867334,0.041004,0.064647,0.651589,0.050071,-0.387748,0.441127,1.066522,5608.909092,4389.075772,35.158656,868.041411,1066.506755,95.000000,1618329704.368787
103.000000,-5.404513,19.784325,-39.965273,53.663373,-60.698568,60.048661,-24.976073,-34.763162,48.179650,-156.656370,75.641330,-180.665133,186.145716,-95.185078,-14.682590,193.999375,0.129845,0.134738,0.148433,0.311104,0.331591,-0.326763,1.100150,3279.927006,4861.249642,35.998911,1026.579895,1261.626906,95.000000,1618329704.383628
104.000000,-6.862104,23.267605,-42.767687,39.305971,-33.122733,-13.064718,45.414754,-136.398652,111.654054,-54.318391,41.716105,60.335768,-188.593561,157.050829,-279.662775,238.859396,-0.065339,-0.382455,0.108711,-0.454886,0.094820,0.032220,1.079263,3228.730006,4575.294614,35.655471,997.090259,1156.489079,95.000000,1618329704.400011
105.000000,-8.097587,24.784456,-40.871997,22.879339,13.486126,-69.702218,82.701539,-64.241760,26.032505,89.481330,-151.328796,84.249634,-170.848344,-1.431163,183.507088,-293.664083,-0.614294,-0.629341,-0.135762,0.339653,0.219368,0.168002,1.097477,5200.048325,6437.752280,36.207347,615.381792,794.041114,95.000000,1618329704.415564
106.000000,-9.779970,29.927731,-31.464183,-1.273283,60.279037,-63.264296,65.814020,10.043220,-119.594328,102.014629,-113.764433,-14.631323,122.457643,-170.834765,142.990293,55.221914,0.488493,-0.063226,0.574319,0.166754,0.608273,-0.293375,1.079268,4163.210795,6216.742760,35.601035,1166.581646,984.480871,95.000000,1618329704.431151
107.000000,-11.180962,29.511104,-14.693179,-31.337689,82.623594,-71.243232,-21.205341,61.950924,-86.719892,17.960326,142.986340,-107.414594,35.535733,115.607058,-90.546524,230.642279,0.078475,-0.018537,0.543489,0.017010,-0.312134,0.210233,1.079490,6269.995064,4395.071830,36.458419,1079.848747,1328.957841,95.000000,1618329704.446422
108.000000,-12.019873,26.006096,-1.172673,-48.595760,62.185776,-0.116369,-94.456611,97.928025,1.836049,-124.650719,135.585268,6.396930,-102.262123,279.404531,22.535432,-99.507834,-0.312127,0.445447,-0.277580,0.622130,-0.031562,0.673680,1.093955,4474.340931,2916.430656,35.568098,850.258183,1283.909603,95.000000,1618329704.461758
109.000000,-12.945704,18.925413,15.809952,-45.922896,31.114281,64.568715,-69.604739,2.919867,154.398565,-133.444020,-72.233303,182.787345,-51.716460,-124.050373,174.191420,-0.182310,-0.250115,0.384917,0.557886,0.023622,-0.455874,0.500339,1.075829,6452.454915,3241.578688,36.068471,825.558178,929.653329,95.000000,1618329704.477612
110.000000,-12.945890,14.786623,28.475664,-47.205989,-16.622970,96.584513,-21.063804,-120.937487,102.401914,62.235028,-213.964264,15.743147,257.452471,-67.742181,-37.331408,200.629799,-0.135808,0.526360,0.349173,-0.136855,0.240878,0.029228,1.082847,4869.663666,6032.688910,35.931805,809.913322,1394.802482,95.000000,1618329704.492477
111.000000,-14.323963,8.289158,35.179034,-27.128648,-50.026058,53.713724,63.704893,-80.731389,-19.667578,177.712405,-0.555102,-89.459488,61.883075,275.256582,-131.301825,-41.430341,0.437513,0.628321,-0.117695,0.359513,-0.200901,0.028870,1.066216,5431.255559,5395.327244,36.603403,1036.507597,1196.717838,95.000000,1618329704.507495
112.000000,-14.087354,2.155391,47.358435,-5.888250,-60.968428,8.991358,100.687252,-18.262625,-146.948710,24.266076,75.279216,-24.444173,-114.820593,54.457884,269.717097,-14.667939,0.347920,-0.722471,-0.456849,-0.186488,0.202734,0.509767,1.079804,3700.610323,4244.540494,35.859523,698.020835,781.609621,95.000000,1618329704.523236
113.000000,-14.163769,-5.003303,41.923434,24.971822,-58.989254,-50.735744,81.436196,88.263391,-51.813271,-111.648632,53.025271,199.028014,-38.436093,-189.889509,-25.827535,50.432928,-0.290249,0.714972,0.065970,-0.505026,-0.440924,0.167672,1.086127,4623.868598,6407.586565,35.345382,853.446990,741.045226,95.000000,1618329704.538661
114.000000,-13.212009,-12.318998,30.534360,47.375430,-35.697684,-105.898016,-3.448226,113.168449,49.703639,-57.395071,-65.154788,60.982350,162.737341,45.498855,-158.183066,-49.985087,-0.243199,0.425543,0.526912,0.034189,-0.186422,0.265328,1.089876,3977.345930,4815.520363,36.582008,1088.502264,845.963945,95.000000,1618329704.554028
115.000000,-13.330503,-19.344747,19.912698,54.894773,11.083757,-54.771960,-60.519377,35.765120,115.338474,51.059134,-133.228842,-245.342084,5.169346,95.414123,34.167590,-88.522266,0.122904,0.257136,0.600857,0.074067,0.533009,0.260741,1.088123,6280.017015,5631.932641,34.824791,877.316779,874.463983,95.000000,1618329704.569712
116.000000,-12.889148,-22.284665,5.556725,43.015735,52.042784,-22.746542,-120.348894,-79.451522,25.552917,76.815384,135.092882,-59.665444,-280.881247,-131.365130,101.218791,66.646513,0.376400,0.643967,0.027411,0.223474,0.123603,-0.048034,1.081502,3964.496676,6418.395477,35.855069,1263.088649,1244.698235,95.000000,1618329704.585612
117.000000,-12.216926,-27.658353,-9.206617,44.217722,79.196438,48.376601,-44.693371,-96.305697,-73.538845,24.191005,209.418187,104.546206,17.126490,-110.274627,-334.927377,-55.463019,0.226892,-0.715037,0.426364,0.305141,-0.332313,-0.456156,1.071840,5471.488267,4543.890091,36.133568,1128.033099,922.190795,95.000000,1618329704.601185
118.000000,-11.109432,-30.318649,-21.523348,12.829798,50.559811,80.812066,42.158960,-50.410575,-149.245613,-129.541463,-26.815828,110.215192,94.004193,136.262283,16.614151,-70.383797,0.058260,0.260535,0.207841,-0.189697,0.510669,0.233460,1.066738,4679.160956,5317.441281,35.601250,1015.118334,1799.229724,95.000000,1618329704.616560
119.000000,-9.219688,-26.154977,-32.720022,-16.277361,27.066187,77.089825,96.525560,43.154537,-17.968958,-126.645952,-219.514433,-181.163251,-40.985681,126.118808,122.311644,333.966120,-0.130397,0.868749,-0.032379,-0.383858,-0.508851,-0.199457,1.078289,3613.270252,6092.845588,35.333861,935.592697,1007.177962,95.000000,1618329704.632341
120.000000,-8.235164,-25.347242,-42.829820,-43.743892,-16.593641,39.076120,82.291516,104.882265,152.940550,75.862666,-26.328805,-122.989990,-156.138004,-251.432826,-187.556970,-23.288485,-0.618441,-0.127446,0.443924,0.128036,0.014720,-0.417310,1.065880,5535.651561,5402.248251,36.334189,1268.231877,751.619934,95.000000,1618329704.648252
121.000000,-6.648628,-22.564401,-39.941465,-50.383761,-53.675031,-29.450427,9.568709,41.739501,127.046418,113.609749,189.777413,75.894510,59.878984,-19.875179,-92.361369,-233.363195,-0.399638,0.482049,-0.079740,-0.135825,0.089298,0.252269,1.081736,4069.553828,5218.633079,35.414774,698.897804,1232.144675,95.000000,1618329704.663431
122.000000,-5.333419,-19.816522,-32.541071,-46.702013,-72.982178,-57.925658,-81.886186,-46.397827,-23.897496,33.242418,92.284555,115.391473,240.304593,235.802447,276.251825,185.888937,0.263461,-0.562237,-0.669816,-0.002268,-0.125200,0.232779,1.081236,5549.362894,5309.145631,35.425305,1062.305683,1154.315610,95.000000,1618329704.678594
123.000000,-3.424144,-13.220769,-26.148173,-50.063883,-58.531592,-63.683159,-67.579620,-155.868454,-145.303339,-173.591471,-157.461767,-56.850573,-46.751678,-22.369664,-7.615930,37.443564,-0.320033,0.083808,0.310781,-0.129249,0.131990,0.573193,1.091994,4713.721444,4595.793391,35.521365,896.638524,1196.601597,95.000000,1618329704.693690
124.000000,-1.718250,-6.037816,-13.247519,-22.664322,-36.546408,-50.359355,-47.216515,-74.184702,-112.040572,-86.945165,-162.706383,-169.537392,-78.129328,-240.422200,-142.432647,-67.655279,-0.020442,0.016435,-0.033935,-0.058521,-0.208173,-0.410804,1.074764,6154.787964,5793.335140,35.686638,988.918240,815.474841,95.000000,1618329704.709647
125.000000,0.000000,1.477454,4.125395,10.073331,11.883755,16.833847,32.652136,31.026616,34.156322,36.467265,45.171539,131.798919,163.691559,184.377299,214.236683,187.385304,0.360424,0.081304,-0.097876,0.281661,-0.004163,-0.342381,1.074250,4734.807899,5732.482828,35.925264,1011.497730,1033.199988,95.000000,1618329704.725893
126.000000,1.760452,8.326028,21.575213,34.373070,59.376284,67.656256,67.312039,91.181789,96.804354,158.870717,113.302703,118.866556,140.233486,159.655366,87.558765,21.827274,0.018593,0.004347,0.018735,0.336690,0.053863,-0.335454,1.068880,5153.410787,5436.044793,35.795176,851.269363,919.237382,95.000000,1618329704.741646
127.000000,3.608814,15.401002,33.789610,52.596133,81.889583,71.480585,115.409287,55.068780,72.549693,31.859671,-10.992690,-47.985883,-76.165081,-212.066583,-107.058876,-57.919170,-0.433733,-0.323978,0.558294,-0.096528,0.346280,-0.175585,1.078181,3972.915082,3670.770289,35.957982,834.377478,934.608199,95.000000,1618329704.756969
128.000000,5.296573,20.254596,37.533520,53.474608,46.884901,62.775876,13.797754,-21.954728,-68.781322,-159.814607,-70.247570,-193.464639,-59.785556,-64.337907,9.688634,119.783608,-0.756571,-0.180650,-0.180703,0.293881,0.096253,0.519701,1.074662,3499.567180,6458.338264,36.028035,1123.437678,1309.114360,95.000000,1618329704.772730
129.000000,6.849279,22.741623,42.561389,41.282861,32.601028,-8.721798,-50.948867,-147.044374,-109.292998,-113.491822,-46.397618,73.432020,175.763061,95.498047,141.227649,188.323002,-0.109354,-0.421951,0.433761,0.048940,-0.461366,-0.534094,1.071604,4922.816663,6374.355089,36.675720,970.421377,768.537841,95.000000,1618329704.787831
130.000000,8.098313,26.409019,43.944144,29.078866,-15.457287,-53.252691,-92.764543,-58.430406,-26.874618,45.489316,181.628370,149.219286,74.669991,-3.281499,-157.147126,-280.960707,0.451346,0.060895,0.485378,0.444696,-0.353055,0.140090,1.050784,6014.529356,4907.570311,36.236605,1260.330071,902.769186,95.000000,1618329704.803574
131.000000,10.087153,28.987520,30.023838,-1.366382,-64.535703,-64.572313,-43.726253,13.591634,85.774255,122.638062,137.027943,-34.222654,-196.826147,-287.945468,-195.709229,96.258352,0.563783,-0.072914,-0.447181,0.216757,0.127660,0.124441,1.073656,5639.736076,5152.715335,36.184788,1274.616174,1122.991235,95.000000,1618329704.819580
132.000000,10.812650,27.699093,16.996628,-26.190086,-74.357127,-67.646180,12.742185,124.497985,128.395567,21.819346,-134.199611,-123.317098,-103.919266,27.501911,223.320004,46.300388,0.291891,-0.407912,0.372641,0.043306,0.553100,-0.107606,1.090165,6292.702341,5136.616441,36.219088,1237.053638,1396.519820,95.000000,1618329704.835538
133.000000,11.472162,27.322234,0.946329,-44.879973,-65.579688,-0.089078,92.261957,127.866779,-2.634380,-84.936692,-65.341064,7.475324,223.449083,125.519944,-12.227793,-218.833072,-0.562143,-0.430016,-0.546561,0.327345,0.267377,-0.213230,1.101166,5327.246683,4693.094689,35.387231,1243.485927,1022.324877,95.000000,1618329704.850618
134.000000,12.869884,20.744703,-13.334903,-58.882563,-25.285575,74.871327,98.057525,2.601549,-132.452572,-145.440516,72.750362,215.746346,80.025696,-146.034954,-142.498901,-0.417950,0.090648,0.203357,0.024603,-0.219306,0.334499,-0.540272,1.091214,4346.814616,4368.404893,35.630325,1046.986076,1084.198432,95.000000,1618329704.866647
135.000000,13.618086,16.414048,-26.198514,-58.286114,16.610202,91.186517,29.944493,-78.238347,-54.984173,67.939902,230.713431,10.784332,-117.958875,-133.298166,164.745147,58.371795,-0.025997,-0.352828,0.383727,0.308394,-0.023901,0.175797,1.076111,4044.818745,4852.372923,35.884778,1179.336180,964.303544,95.000000,1618329704.882069
136.000000,14.027913,8.468755,-38.531836,-30.695248,45.251493,53.389626,-42.739187,-83.576914,24.820270,178.836901,0.530881,-127.592670,-51.939261,215.242369,139.921968,-101.389196,-0.052494,-0.327757,0.068515,0.185564,-0.011049,-0.722331,1.075511,4344.955573,5874.932571,35.872764,1038.890059,1294.009573,95.000000,1618329704.898293
137.000000,14.042774,1.954543,-44.136193,-5.888659,70.056973,12.594838,-108.323530,-19.744064,142.302384,33.247017,-175.401411,-17.825468,296.211388,57.006834,-155.427690,-64.267269,-0.462901,0.142984,-0.184080,-0.461655,-0.408729,0.102161,1.085462,5326.472983,3660.107416,36.100392,1011.466311,783.680540,95.000000,1618329704.913267
138.000000,14.633905,-5.138252,-43.467278,19.917122,70.561749,-60.395080,-57.212012,64.106027,94.537389,-181.573473,-35.364621,141.303639,30.496062,-247.810002,6.101534,393.423957,-0.048073,-0.220115,0.445962,-0.177733,0.525497,-0.532664,1.081499,5979.366401,4718.249346,36.924154,1020.537538,1162.292493,95.000000,1618329704.928176
139.000000,13.691070,-12.310078,-35.286291,41.392663,31.641825,-91.487468,4.495566,105.350756,-43.465648,-66.581277,122.419831,35.549317,-127.932586,23.303319,269.315324,-223.151088,-0.116661,0.207634,-0.127835,-0.467782,-0.177659,0.116730,1.073092,4991.670021,4393.865652,36.049498,980.586484,1237.769703,95.000000,1618329704.943582
140.000000,13.478156,-16.235014,-19.043062,47.855499,-15.543505,-89.718413,96.452608,36.907743,-105.325277,76.041938,146.911810,-229.102975,-7.465895,172.648394,-75.562004,-194.736412,-0.251195,0.190316,-0.503969,-0.048671,-0.207653,-0.175495,1.084355,3790.048617,4823.802183,36.167676,1202.998278,1301.231387,95.000000,1618329704.959488
141.000000,12.517174,-24.786123,-5.686116,57.346856,-41.535498,-15.651347,127.172926,-65.766521,-46.842513,98.599081,-92.467974,-106.221544,162.004232,-114.005254,-55.952431,375.335578,0.054235,0.578044,0.225159,-0.118220,-0.023969,-0.637655,1.108371,5199.379184,4424.392648,36.203595,833.551805,1007.058245,95.000000,1618329704.974655
142.000000,12.317015,-27.882264,10.900852,40.523061,-55.874313,39.379420,45.030733,-79.585352,61.421197,16.508091,-158.073623,66.109600,-29.027123,-138.560079,309.997809,-38.817752,0.701203,-0.143185,-0.326671,0.383268,-0.221380,-0.153384,1.060657,5034.459664,4962.552980,35.735172,1278.369355,1326.114626,95.000000,1618329704.990510
143.000000,11.073454,-26.228942,27.060895,11.837928,-76.227894,102.023559,-36.913111,-60.196618,114.540014,-111.467912,54.490585,103.301379,-168.306362,240.472708,-14.220099,-267.223488,-0.568157,-0.346978,0.008928,-0.338264,-0.142665,-0.321318,1.075815,3276.102070,5960.459084,36.175524,832.458593,1166.220108,95.000000,1618329705.006130
144.000000,9.457476,-27.240102,39.809262,-16.111757,-30.056213,86.076313,-72.278192,61.780692,15.053586,-147.325331,73.331446,-105.157511,16.919116,45.992152,-182.348894,96.094788,-0.116309,0.087513,-0.284721,0.198309,-0.118354,0.022011,1.088090,5145.248546,5234.229313,35.813538,1223.783085,800.238381,95.000000,1618329705.022138
145.000000,8.186907,-28.287644,46.289826,-46.007765,11.901437,30.268929,-106.496086,158.085805,-62.956058,79.237040,19.399099,-134.498122,248.160726,-285.848896,41.957597,-5.699614,-0.212547,0.026083,0.522525,-0.186376,0.272850,-0.051098,1.062111,5900.385354,3570.353506,36.000234,939.499246,921.787400,95.000000,1618329705.037446
146.000000,6.742739,-21.903023,46.769094,-48.107469,58.808121,-37.603810,-5.940785,68.215781,-110.436828,101.678488,-169.529219,175.156777,-35.744507,-30.024362,64.216289,-285.017846,0.345581,0.127029,-0.123109,0.648110,-0.346291,0.166988,1.068966,5521.645219,4824.920183,35.952026,917.579130,965.265028,95.000000,1618329705.052685
147.000000,5.069927,-17.928930,33.965021,-49.608712,58.134924,-54.962355,86.101446,-46.747899,21.957235,29.350409,-47.644365,156.879398,-142.448010,142.065554,-256.698244,193.779486,0.335692,0.073524,0.029472,-0.099332,0.536406,0.417790,1.079400,5546.652030,4727.916718,35.928708,991.064241,1025.307477,95.000000,1618329705.068629
148.000000,3.512055,-12.452700,27.316764,-41.551042,72.799667,-65.030380,116.860594,-106.642191,89.938105,-173.534290,111.855845,-93.419399,56.511737,-16.741021,6.946672,22.714723,0.096080,0.157355,0.126899,-0.463629,0.009479,0.295827,1.069970,7877.417584,6285.858791,35.394380,1198.709729,1274.262287,95.000000,1618329705.084471
149.000000,1.844398,-5.132044,11.606721,-20.872214,23.540874,-42.713299,52.320893,-92.301291,66.232954,-57.586316,141.894415,-162.787183,75.148513,-86.787234,314.673112,-207.377131,0.120370,0.592323,0.057363,0.175148,-0.446584,-0.311097,1.082965,4903.373909,7470.972981,35.945668,846.446407,1294.355892,95.000000,1618329705.100315
150.000000,-0.000000,1.445700,-4.042704,7.711968,-10.923226,20.802443,-28.766590,47.207046,-32.330512,76.017372,-69.280651,137.985245,-42.022584,198.388912,-140.803523,218.365642,-0.525238,0.008112,0.166314,0.607241,0.034055,-0.062784,1.080489,6051.527559,4607.324615,35.955629,1123.631363,1309.417128,95.000000,1618329705.116142
151.000000,-1.704660,9.168156,-19.088443,35.327024,-57.241683,50.664036,-75.492372,131.636122,-93.889952,111.894297,-167.510135,147.490543,-57.249566,207.142220,-32.315609,26.538140,0.334896,-0.354083,0.310219,-0.039904,0.199192,-0.025496,1.080911,6767.498741,5663.167944,35.649942,948.022018,633.412974,95.000000,1618329705.131294
152.000000,-3.452241,13.944396,-31.411176,59.139413,-75.889146,63.028944,-99.341004,61.490054,-76.283716,15.726213,27.500086,-46.958067,116.838990,-231.761431,153.312775,-297.435572,-0.175315,-0.422873,-0.135474,-0.155515,0.238128,-0.533598,1.071518,5010.219535,4770.185578,35.961307,1027.199645,843.044488,95.000000,1618329705.146617
153.000000,-5.265161,19.686690,-39.667143,58.287586,-49.284199,46.783426,-22.636160,-28.918785,111.001443,-87.617425,169.983992,-85.910086,191.479461,-111.908797,-9.790712,164.892218,0.355752,-0.354725,0.079736,0.240245,0.506036,-0.155553,1.095465,7047.760289,4014.126387,35.558392,1337.185630,947.517107,95.000000,1618329705.161717
154.000000,-6.824422,24.253699,-47.063446,46.494374,-26.088673,-11.432829,66.906837,-71.054515,131.352084,-52.683126,59.713094,52.761867,-173.000765,120.652311,-99.527630,162.488268,0.048952,-0.335545,-0.155454,0.282073,0.193848,-0.455445,1.080897,6956.563773,6171.203448,36.789150,903.316069,1168.312182,95.000000,1618329705.177657
155.000000,-8.098856,28.656802,-38.705024,24.122570,16.960984,-64.756996,127.054727,-55.510532,35.339894,38.696299,-206.682169,157.762678,-165.623186,-6.288484,141.265358,-141.392641,0.315379,0.948886,-0.233526,-0.148534,0.173431,-0.034789,1.099891,4447.651998,6235.583009,35.756722,1152.541204,845.499490,95.000000,1618329705.193617
156.000000,-9.777310,26.065914,-31.797982,-1.500705,52.208901,-109.700423,60.037482,9.781909,-112.983925,123.373374,-130.977688,-29.661599,159.134663,-187.491337,145.665343,35.752666,-0.013235,-0.243930,0.623260,-0.135770,-0.383945,-0.200742,1.074009,5582.206171,4757.582159,36.345441,1043.188989,895.889305,95.000000,1618329705.208543
157.000000,-10.858331,26.252489,-15.286452,-29.613295,63.422034,-73.695289,-18.498180,104.566386,-161.602778,14.019278,52.698328,-90.772409,78.282976,54.600565,-114.578115,211.891634,-0.431775,0.157831,0.305473,0.418193,-0.540323,0.069693,1.081524,4888.665899,2858.548409,35.459261,1087.314013,1060.260995,95.000000,1618329705.224464
158.000000,-12.474995,23.013148,-1.166379,-53.793353,59.682063,-0.109098,-60.162629,65.441174,2.558336,-119.798027,148.941559,7.799456,-75.061327,181.068236,21.504490,-149.499545,0.480138,0.000025,0.328217,0.324024,-0.059245,-0.213428,1.066469,5344.668436,5188.264023,36.255529,781.476367,827.101298,95.000000,1618329705.239595
159.000000,-12.283201,22.833850,12.752945,-55.500728,28.406109,61.073304,-100.024148,2.825677,162.886818,-85.989074,-57.018927,176.466982,-90.279961,-111.353378,103.542281,-1.189981,-0.053860,0.319578,-0.368052,0.441671,0.211141,0.069790,1.073425,5380.547319,4841.838881,36.132362,618.456553,1069.366931,95.000000,1618329705.255359
160.000000,-13.441301,15.130404,27.173386,-40.484602,-11.121236,102.138846,-29.512499,-71.759034,137.593753,67.406773,-154.791193,13.918207,148.883688,-171.248968,-93.968738,77.848624,0.141397,-0.117190,0.265399,-0.201135,-0.008148,0.353926,1.078777,6960.051511,6292.581278,35.831729,973.563021,1184.189404,95.000000,1618329705.270389
161.000000,-14.125450,8.320453,39.011274,-33.642763,-42.519613,62.744159,68.588568,-63.868415,-29.577580,71.480024,-0.490551,-106.375378,32.538229,183.656030,-184.171505,-39.376479,0.203549,-0.441175,-0.064890,-0.511304,-0.602096,0.884860,1.101049,4833.987850,4654.103515,35.906721,944.477159,1058.103850,95.000000,1618329705.285952
162.000000,-14.626762,2.279283,39.161640,-6.779059,-63.306154,13.483968,76.422164,-11.965279,-147.888438,31.374414,103.666669,-44.742903,-273.595208,66.556202,227.458749,-67.730342,-0.142239,-0.390138,-0.275718,-0.174937,0.306505,0.427486,1.088766,5550.202773,3234.413514,36.441282,945.303440,1064.954569,95.000000,1618329705.301499
163.000000,-14.677086,-5.332006,36.547205,18.966712,-64.038678,-54.879192,87.475856,118.140662,-55.328142,-140.808527,48.643721,71.859911,-45.797202,-126.739357,-17.832531,100.520076,0.312425,-0.103809,0.009409,0.460979,-0.331046,0.416947,1.067781,5919.657241,6850.610296,35.392451,895.680610,812.685932,95.000000,1618329705.317756
164.000000,-13.967896,-11.225654,32.292811,49.719880,-22.988714,-99.971117,-3.500978,151.386463,51.104861,-68.420957,-179.953781,36.924361,220.774636,35.641745,-249.209678,-143.942317,0.353573,0.403116,-0.557635,-0.160006,-0.046956,-0.569702,1.085683,5740.766152,5432.309185,36.603819,1284.206953,996.736480,95.000000,1618329705.333671
165.000000,-13.605212,-18.348117,20.243591,64.582516,16.500146,-51.432197,-67.143158,40.319831,96.063324,75.137157,-94.101328,-65.563716,2.155629,155.974051,51.385849,-137.874096,-0.120660,0.415758,-0.128337,-0.253248,0.296300,0.149290,1.090634,3349.136000,6968.780751,36.040180,1039.038450,1102.777053,95.000000,1618329705.348794
166.000000,-12.789292,-24.636758,6.193519,61.545672,59.353849,-16.167845,-79.020518,-61.830970,60.629306,200.078718,115.033453,-110.147975,-194.341477,-47.384453,92.575864,61.557595,0.089771,-0.433237,0.631625,-0.352447,0.144133,0.118622,1.093323,4264.940718,3516.355280,35.448271,820.062129,646.609549,95.000000,1618329705.364815
167.000000,-12.177294,-27.910678,-10.335267,30.400879,85.126424,34.327798,-48.676709,-119.468984,-89.277308,24.605127,162.244073,167.844970,13.077180,-73.721833,-174.964971,-93.163206,0.804748,-0.512884,-0.038157,-0.078461,0.351959,0.337374,1.081653,4040.262939,3702.726500,36.009331,1194.059780,814.408750,95.000000,1618329705.380171
168.000000,-10.910021,-25.458565,-26.094076,12.548248,58.945578,81.820811,40.928159,-27.483216,-151.866218,-66.657331,-21.222830,59.341182,92.737137,133.521086,8.311668,-135.640445,0.275376,0.109200,0.581335,0.343088,0.041953,0.897547,1.085225,5127.801124,3880.639236,36.517038,980.817733,916.420874,95.000000,1618329705.395505
169.000000,-9.323156,-26.690474,-33.900677,-15.538392,23.142889,90.247917,69.052392,78.158925,-14.919024,-111.285320,-70.439466,-204.828414,-24.226771,127.386742,250.429444,364.526966,-0.822556,-0.855150,-0.086770,0.066955,-0.493825,-0.122521,1.075541,6007.244920,5244.350304,36.492032,1154.060344,1215.003101,95.000000,1618329705.410750
170.000000,-8.329854,-28.410965,-41.049293,-43.547220,-17.239456,26.719396,91.654522,140.360421,140.080019,74.834101,-28.483444,-129.200181,-283.938662,-230.987098,-77.508509,-30.298798,-0.520004,-0.509045,0.401613,0.317903,0.466071,-0.060544,1.078185,5989.166830,5503.462715,36.130515,894.441409,931.741418,95.000000,1618329705.426159
171.000000,-6.684810,-23.999848,-44.338361,-61.868113,-58.784900,-26.993050,8.375379,47.138285,110.055554,173.374744,195.558832,93.159041,22.957066,-32.411781,-65.518380,-287.116998,0.037764,-0.317805,-0.036892,-0.105440,0.001527,0.133180,1.110753,5943.826058,5685.772257,36.609646,819.014830,918.725583,95.000000,1618329705.442358
172.000000,-5.280287,-18.757243,-38.733417,-64.070389,-73.402105,-96.515056,-89.919597,-55.452900,-13.024814,16.480629,94.069010,63.409838,113.878328,218.171746,177.551476,38.605360,0.280588,0.154593,-0.221235,-0.007701,0.320809,0.429598,1.059022,5765.238914,5072.435258,36.017163,887.946226,1306.563766,95.000000,1618329705.457542
173.000000,-3.681298,-12.467258,-22.221046,-40.560299,-71.352115,-79.978829,-109.358546,-67.835687,-94.528415,-184.839270,-102.324923,-92.471685,-124.546004,-38.647530,-19.524256,44.824331,-0.061590,0.197646,0.310048,-0.336694,-0.434615,0.372689,1.055929,4083.055653,6620.825611,36.760186,890.710901,519.976185,95.000000,1618329705.473132
174.000000,-1.686436,-5.880862,-12.463333,-18.962962,-36.542000,-34.486624,-69.786626,-79.672267,-106.219970,-133.975521,-78.038713,-83.357870,-219.029053,-174.757551,-214.539702,-263.319630,0.150889,-0.537401,-0.234362,-0.093695,-0.014763,-0.151193,1.085659,5759.342267,6027.085177,35.748550,1067.834150,736.134404,95.000000,1618329705.490188
175.000000,0.000000,1.332102,3.706352,8.474546,17.331279,19.448667,26.495580,37.724495,59.313216,65.505166,61.561069,102.221492,60.812348,179.320498,203.227111,264.725043,0.732235,-0.307087,0.089337,0.256109,0.335688,-0.053572,1.077940,5125.346699,3926.065792,35.596647,756.094213,1073.809776,95.000000,1618329705.504199
176.000000,1.788211,8.474207,19.983071,40.780753,41.715468,61.516424,62.202626,80.846769,75.748622,206.587264,170.802276,235.619401,196.531994,134.644789,114.673386,143.574043,0.793526,0.406800,0.568995,-0.344765,0.156684,-0.263014,1.076150,5054.748983,3383.810747,36.560687,1154.890597,928.808012,95.000000,1618329705.519844
177.000000,3.635917,15.482129,31.727910,43.115195,73.368764,91.188890,96.043569,111.045507,61.127328,21.982743,-12.068228,-89.453285,-102.395638,-266.051640,-244.835372,-383.032978,-0.359940,0.036113,0.267137,-0.126214,0.428125,-0.302280,1.072799,5424.546494,5766.316771,36.368817,1110.195828,961.726276,95.000000,1618329705.534593
178.000000,5.313795,22.258736,43.735143,54.913514,48.219083,48.333446,16.097123,-17.916091,-75.417623,-180.500149,-218.687825,-204.684997,-63.378113,-39.069584,22.649676,191.164228,0.060887,-0.623581,-0.215627,-0.146500,0.169395,-0.417069,1.104863,6355.801979,4593.763763,36.361562,1206.731361,1191.953653,95.000000,1618329705.550223
179.000000,6.998512,26.774397,48.198937,56.358134,28.853379,-9.499594,-61.132521,-87.224859,-173.437618,-79.373728,-52.559759,48.772026,170.158494,222.151614,221.487275,202.733263,-0.257005,-0.039505,0.077568,-0.031722,0.103995,0.040803,1.096793,2960.917536,4239.592621,35.232828,1051.864314,993.477014,95.000000,1618329705.567118
180.000000,8.694139,25.948908,35.171948,23.482358,-13.238759,-45.740615,-66.041954,-114.680712,-31.078299,45.485658,101.980711,87.368833,120.448964,-6.764135,-78.550255,-177.765669,-0.457190,0.005783,0.222618,0.049268,-0.269211,-0.082691,1.062854,2886.668684,4209.116272,36.106780,1070.997423,983.747448,95.000000,1618329705.581158
181.000000,10.008078,30.582807,32.314292,-1.156747,-48.296483,-74.839330,-69.473514,7.101183,57.547241,155.886354,63.069126,-21.619252,-60.973751,-105.157728,-28.580858,54.746210,-0.154936,0.086290,0.387005,-0.438028,0.099274,-0.270966,1.089196,3459.835799,3628.806081,35.831198,1172.901522,1230.535463,95.000000,1618329705.595891
182.000000,11.064310,25.138202,16.072788,-32.186028,-82.257947,-68.999995,20.769978,66.162294,73.595832,22.888054,-82.998539,-199.158769,-89.178486,124.504890,186.541889,311.442893,-0.487670,0.724977,0.034840,0.300849,-0.198181,-0.246630,1.083551,5787.098141,4390.037122,35.969308,945.765378,1134.620897,95.000000,1618329705.611933
183.000000,12.473796,23.161585,0.935825,-39.604804,-60.059571,-0.084484,93.948733,79.706801,-3.499312,-80.136026,-191.375335,9.710070,131.679176,221.405906,-19.188876,-128.483118,0.446288,-0.345139,0.759570,-0.721709,0.738750,-0.077390,1.067943,4306.393657,4122.414881,36.264838,937.163827,552.936389,95.000000,1618329705.626693
184.000000,12.939252,18.868817,-16.778380,-64.928488,-28.902946,45.283385,88.085596,1.970599,-160.294211,-108.917698,36.619615,261.481063,119.210559,-82.584882,-244.333162,-0.390978,-0.122327,-0.094725,-0.246808,0.039175,-0.131154,0.293025,1.104286,5133.590190,5859.662085,36.971228,911.710535,811.418300,95.000000,1618329705.642827
185.000000,14.092073,16.462654,-29.554159,-55.193577,11.731486,99.630965,24.248865,-88.828861,-94.176073,31.390706,119.555593,16.256399,-129.088228,-57.847420,72.814700,169.697857,0.450751,0.286918,-0.430689,-0.683468,-0.079389,-0.241273,1.090836,6086.124711,6567.083972,36.663127,797.657779,773.600525,95.000000,1618329705.657660
186.000000,13.338575,8.955575,-40.290567,-25.725981,62.692277,58.249740,-54.664599,-84.557475,32.683210,140.861178,0.563786,-224.304908,-32.427101,300.724825,95.716245,-118.478765,-0.181432,-0.246566,-0.172442,0.354515,-0.100192,-0.781887,1.089316,5344.357273,5240.032674,35.002764,1033.120085,1226.381402,95.000000,1618329705.673536
187.000000,14.531566,2.022534,-39.782279,-5.258766,60.081085,10.634365,-105.686279,-21.689989,103.534264,34.175490,-182.210040,-22.815474,73.009121,62.795701,-272.793694,-37.064145,-0.641458,0.070361,-0.819678,0.162340,-0.087397,0.215718,1.059883,3372.079482,3899.348572,35.832244,1211.682179,884.048918,95.000000,1618329705.688486
188.000000,14.085177,-5.071666,-38.961925,26.220160,53.661554,-43.102760,-56.215064,100.660578,92.040050,-109.660039,-62.224783,176.064987,24.055402,-120.701444,16.907289,337.710468,-0.470001,0.096262,-0.646665,-0.559782,0.382952,0.141358,1.074496,4125.127281,2968.688102,36.620280,1032.723467,1197.969728,95.000000,1618329705.704727
189.000000,14.294884,-11.913407,-32.902466,42.270561,34.478669,-77.553657,3.504429,102.430552,-60.138345,-64.653655,169.664363,43.546280,-263.107871,22.129849,329.990705,-133.884683,-0.100200,-0.054963,-0.437855,0.365361,-0.399882,-0.101759,1.096054,4053.485891,5186.331802,35.881693,1390.983803,550.272507,95.000000,1618329705.719286
190.000000,14.087751,-17.861599,-18.491025,62.839537,-10.601732,-63.889049,92.534524,41.190159,-85.927933,42.285776,163.775978,-94.084519,-4.009697,262.532772,-68.021668,-69.778673,0.025419,0.181102,-0.411423,0.567035,-0.105481,0.079216,1.070848,5636.259522,5234.595374,35.360571,1208.828779,825.991443,95.000000,1618329705.734980
191.000000,13.059491,-24.114089,-5.957668,50.854778,-61.628394,-20.985034,86.266195,-104.894099,-55.586741,133.332252,-49.702238,-76.089167,173.001402,-146.168585,-136.301333,343.750579,-0.093882,-0.339285,-0.093686,0.587883,-0.253715,-0.130583,1.078641,4597.681432,4853.286912,35.463033,1379.802169,590.226682,95.000000,1618329705.750259
192.000000,12.535042,-24.593441,10.715869,42.336618,-58.934399,50.506325,31.963514,-101.798128,94.193791,32.240230,-94.222246,152.773653,-8.603835,-193.470682,207.794216,-114.952394,0.103580,0.023063,-0.252907,0.368173,-0.573961,-0.152433,1.083289,5318.215595,5564.876896,35.805878,887.357004,1029.681876,95.000000,1618329705.767492
193.000000,10.971832,-29.129754,23.711305,14.103716,-75.980479,93.084915,-40.042925,-29.825588,101.625747,-110.159305,22.181016,76.397198,-86.706785,231.534787,-16.412328,-243.228848,0.338829,0.348044,0.722206,-0.207901,0.057064,-0.336045,1.077915,5290.132465,4024.380862,35.481440,889.493907,845.168308,95.000000,1618329705.781373
194.000000,9.457151,-29.006179,32.699576,-18.206465,-28.483233,56.125544,-120.636958,73.994718,9.768209,-125.809741,139.784842,-58.799363,37.878750,79.682094,-228.302849,327.942790,0.190230,-0.621611,-0.218630,-0.386355,0.552607,0.252160,1.073648,4426.188693,4803.107420,35.315009,1065.946471,1203.920981,95.000000,1618329705.798388
195.000000,7.942609,-23.811882,36.858604,-43.822312,16.626368,25.855934,-92.326723,87.930172,-153.759543,85.547907,24.888089,-87.403241,156.521476,-243.740402,125.781511,-41.341492,0.361568,0.337476,-0.598060,-0.311504,0.680640,-0.196694,1.089606,6805.557307,5020.200785,36.075418,1321.591139,976.603711,95.000000,1618329705.812305
196.000000,6.789624,-25.036515,41.964702,-60.082126,58.625232,-33.348498,-5.055665,78.144666,-66.894546,180.708068,-109.009502,117.948887,-41.265693,-12.285895,160.030788,-342.195344,0.052609,-0.310051,0.344586,-0.040954,-0.106009,0.090104,1.075643,5106.746358,5191.543447,37.670198,926.851269,918.251210,95.000000,1618329705.828744
197.000000,5.236209,-18.781702,34.519081,-64.572871,66.009073,-56.183719,71.679842,-43.631438,15.426693,15.859354,-76.615462,77.602112,-204.776389,79.872519,-358.180572,212.515260,0.152481,0.285121,-0.323208,0.323440,-0.153493,-0.461632,1.089243,4634.823551,6464.582920,35.695357,1103.989826,1217.627770,95.000000,1618329705.842907
198.000000,3.370338,-12.900886,23.917080,-35.237268,71.257177,-86.858488,103.939602,-152.724191,161.836271,-169.912621,93.296175,-154.508007,51.184245,-36.821820,17.300656,23.318390,0.418498,-0.250089,-0.030226,-0.082935,0.474878,-0.155904,1.076442,6540.521429,6293.180976,36.077075,1169.940491,1140.746847,95.000000,1618329705.858467
199.000000,1.785546,-6.151841,11.378748,-21.593331,27.320401,-47.611428,36.537244,-54.739777,111.045732,-77.514827,147.018489,-135.834457,120.672885,-147.339277,342.443290,-359.211747,0.072280,0.742780,-0.300731,-0.299822,0.116199,-0.458383,1.075684,5730.137451,4728.745231,35.895381,828.834769,933.600149,95.000000,1618329705.874043
200.000000,-0.000000,1.319087,-4.112532,7.463408,-16.014967,23.075379,-22.594835,46.118542,-60.754465,54.588395,-45.794439,89.079621,-113.079447,139.628281,-37.013414,254.272044,-0.234101,-0.212676,-0.206048,0.442216,-0.233502,0.061736,1.090851,3983.338038,5929.600740,36.404257,1188.171566,1172.826212,95.000000,1618329705.889731
201.000000,-1.708794,8.359315,-17.058608,38.410784,-40.772114,82.791670,-106.408985,118.767451,-83.142042,96.239605,-121.780380,235.704058,-71.906853,79.462012,-110.961247,101.450571,0.107412,0.310314,0.031013,-0.130634,0.011734,-0.328351,1.071267,6953.903381,6289.937309,36.117856,868.441795,1191.262856,95.000000,1618329705.905157
202.000000,-3.572532,14.136588,-27.746550,50.411696,-81.774070,101.634357,-105.237204,57.598017,-46.596295,29.731307,29.392806,-41.137860,116.979437,-125.436625,130.032872,-67.714470,0.016018,-0.347786,-0.213501,0.387833,0.129350,0.426967,1.070374,5305.208959,5014.725530,36.348865,1193.294280,1316.080985,95.000000,1618329705.920439
203.000000,-5.169144,18.469389,-41.835210,57.688505,-69.839600,60.282850,-21.515608,-27.900813,86.728643,-127.206425,175.933556,-96.063382,205.491485,-58.372873,-12.714529,190.656139,0.692558,-0.029193,-0.088542,-0.422554,0.198181,-0.080699,1.081671,4708.615506,4139.013276,35.910281,1016.124078,1162.240561,95.000000,1618329705.935558
204.000000,-7.116506,22.619896,-43.430510,46.533513,-34.289867,-10.436134,82.147925,-135.138758,113.217333,-99.419562,36.275359,21.721036,-48.503528,115.861945,-142.055416,185.228181,0.069115,-0.246220,-0.022956,-0.783190,0.013894,-0.260014,1.076523,5248.199972,4529.115781,36.253920,798.181991,734.435729,95.000000,1618329705.951657
205.000000,-8.566352,26.313650,-36.275561,26.436187,13.304295,-49.215106,116.371229,-59.301380,38.157463,90.698894,-158.625498,120.196213,-93.004300,-2.604335,199.307980,-397.719247,-0.007251,-0.146399,-0.510057,-0.594247,-0.430609,-0.121834,1.093301,6471.448257,3698.503894,35.951730,771.113380,457.743244,95.000000,1618329705.966530
206.000000,-10.151598,27.185113,-26.297741,-1.490249,64.942761,-95.724949,64.177172,15.399110,-85.654390,72.983934,-119.620910,-31.653740,193.215651,-158.031410,144.278384,21.319447,0.242244,0.023808,-0.117743,-0.699429,0.015580,0.116056,1.082395,5069.706966,6248.260320,35.108735,1119.866108,719.033683,95.000000,1618329705.982403
207.000000,-11.295397,29.810648,-17.649718,-23.724010,69.771747,-53.585925,-15.818184,98.677301,-137.696911,14.274649,143.142425,-113.543913,37.697196,85.787052,-132.120910,121.319582,0.480305,0.035586,0.317177,-0.392644,0.297900,0.136604,1.083237,5696.208522,5107.585588,36.045081,910.764176,1099.305273,95.000000,1618329705.997715
208.000000,-11.999723,22.604410,-1.053666,-44.804961,68.586444,-0.093026,-68.961359,113.605506,4.041112,-150.068264,94.368796,9.174245,-124.468337,154.618885,9.254801,-228.070085,0.088595,0.276073,0.010653,-0.118597,-0.637352,-1.191617,1.070621,5081.244657,5348.040024,36.025490,813.430646,1059.747490,95.000000,1618329706.012698
209.000000,-12.389201,20.352607,14.876160,-46.568833,22.373587,48.914105,-67.870215,4.171705,116.012971,-100.711961,-52.834630,72.972477,-66.785038,-161.001565,200.305136,-1.466157,0.563488,0.040233,0.054567,0.682980,0.039305,-0.029812,1.091932,5353.939484,4852.143892,36.937000,1301.433166,1078.038523,95.000000,1618329706.027790
210.000000,-13.727865,16.932044,31.152968,-56.221445,-17.551785,72.787141,-32.908416,-76.174250,73.093740,34.455942,-129.625158,8.702496,262.340283,-120.480762,-57.781406,148.832803,-0.189392,0.342623,-0.328637,0.425636,-0.068475,-0.464240,1.075233,5630.058591,5813.479268,36.209260,840.497584,808.975453,95.000000,1618329706.043615
211.000000,-13.832613,9.041084,35.071071,-28.332765,-58.095504,45.867855,50.421323,-132.536843,-27.704372,149.053461,-0.385446,-182.563035,64.988895,302.995610,-83.703179,-312.743106,-0.749962,-0.697541,-0.208251,0.171752,0.926356,-0.042937,1.081283,4809.398138,3870.334613,36.628797,690.916148,817.994511,95.000000,1618329706.058692
212.000000,-13.927946,2.190140,47.529797,-6.794034,-77.096527,8.851900,117.859624,-14.989410,-96.424546,30.596314,101.335882,-38.575420,-183.160376,33.586280,335.713475,-15.933356,0.075071,0.485105,0.766251,-0.277765,0.058443,0.611224,1.060442,4169.731923,4748.660337,36.855139,843.881062,1185.775611,95.000000,1618329706.074517
213.000000,-13.579733,-5.249988,43.689496,26.395137,-60.702660,-39.985698,65.350538,86.920257,-47.832188,-134.134435,80.773974,252.764294,-26.202003,-121.102970,-9.806386,250.321813,0.163057,-0.288920,-0.572068,-0.265075,0.656810,0.145052,1.062819,7774.782516,5259.195035,36.591661,1253.748342,1088.430048,95.000000,1618329706.088879
214.000000,-13.355370,-11.083770,36.077859,49.298514,-29.930034,-102.403325,-3.314859,89.968997,63.172551,-139.573480,-78.135511,22.848860,259.968446,13.140948,-261.581931,-73.603096,-0.438843,0.367755,0.257374,-0.153445,-0.146775,-0.407763,1.084757,5619.696459,3760.530751,36.421832,924.676199,1140.617078,95.000000,1618329706.105033
215.000000,-13.414550,-17.724205,24.237088,66.707552,14.969035,-72.058725,-79.147997,21.496224,118.855596,42.221593,-139.415727,-93.515109,6.761605,141.136873,116.293302,-129.547113,0.334041,-0.011618,0.343870,0.035157,0.045481,-0.068469,1.075333,5002.175559,5799.189917,35.794569,658.651931,1011.674966,95.000000,1618329706.119945
216.000000,-13.200325,-21.647573,5.646729,52.102999,39.117158,-19.343156,-127.559074,-69.712532,51.550024,153.085693,50.097811,-72.580223,-226.994594,-106.712558,180.956231,178.392044,-0.170911,0.108621,0.151599,-0.210908,-0.079019,0.500567,1.071172,5823.762307,2749.917385,35.671118,1188.718775,1348.339503,95.000000,1618329706.135683
217.000000,-12.046337,-27.853760,-10.403125,40.452160,75.167651,38.881706,-51.935628,-104.692144,-126.439825,27.646926,151.483613,215.363466,13.931731,-129.888384,-91.994850,-50.637557,-0.154520,0.631652,0.332791,-0.375012,0.358148,0.079146,1.059868,5433.085693,5565.222772,35.978179,741.303678,861.451234,95.000000,1618329706.150567
218.000000,-10.736492,-26.625319,-27.398834,11.737924,51.331504,59.826334,41.641560,-36.783950,-101.412314,-170.466854,-50.891899,133.531992,180.031617,136.407213,16.019130,-43.455258,0.240012,0.144569,0.171999,0.840802,-0.333950,0.624440,1.073747,4339.524858,2901.388390,35.507597,1199.323622,1279.722698,95.000000,1618329706.166403
219.000000,-10.071147,-28.969979,-37.124305,-15.420263,35.132076,92.382766,64.128305,68.654212,-10.847489,-151.111961,-142.364689,-107.822036,-60.397221,138.284338,137.187275,367.399456,-0.141171,0.431179,-0.093444,0.367805,-0.223886,0.270491,1.088680,5800.042041,6283.882558,36.864175,908.959925,505.364111,95.000000,1618329706.181330
220.000000,-8.074152,-26.468501,-45.659833,-42.960064,-12.415352,37.893013,107.435903,145.119110,138.816059,86.190389,-23.095171,-51.503240,-202.254702,-112.926722,-195.251539,-16.597475,0.469062,-0.342436,-0.071320,-0.692050,-0.330902,-0.014396,1.082233,4609.881728,4179.948065,35.586611,1361.473512,1072.735964,95.000000,1618329706.197999
221.000000,-7.138355,-22.249516,-46.076528,-58.415183,-62.205708,-38.178948,8.961844,67.997331,129.689139,155.925460,139.987606,85.965325,74.267672,-17.846830,-125.773929,-92.803676,0.338499,0.304559,0.483471,-0.002302,0.389085,-0.105934,1.064119,6030.387648,5155.851234,35.574640,727.796980,669.374950,95.000000,1618329706.212622
222.000000,-5.442558,-18.936777,-33.597648,-60.795581,-72.687240,-73.926397,-72.471172,-56.552832,-12.952705,19.996247,53.719340,92.211131,105.855200,282.505273,162.086348,152.255641,0.269486,-0.431800,1.031374,0.118930,-0.149612,0.027007,1.082920,3615.460127,4657.055397,35.935370,664.585112,872.117083,95.000000,1618329706.228080
223.000000,-3.434863,-11.499616,-26.974458,-40.878611,-71.622063,-93.493858,-80.962418,-89.894369,-72.694973,-63.664751,-79.312212,-116.550198,-31.651193,-32.907954,-20.035657,40.349293,-0.159206,-0.215539,0.212366,0.011785,0.224662,0.273836,1.075908,4005.247637,4018.708439,35.998058,929.354639,736.214002,95.000000,1618329706.243542
224.000000,-1.693784,-6.089515,-10.679667,-19.371048,-22.859552,-37.705923,-53.662925,-70.429929,-123.184495,-109.976044,-112.873489,-184.049195,-58.982537,-63.992097,-226.893348,-50.627737,0.558617,0.205371,0.169589,-0.192698,0.419715,-0.106791,1.087815,4442.435240,6002.570701,36.112264,898.635288,935.480847,95.000000,1618329706.259230
225.000000,0.000000,1.464839,3.621319,8.084786,11.211086,24.492025,25.720313,43.935862,27.651250,55.353396,38.263974,65.980498,161.618259,180.729187,166.551733,95.101504,-0.246535,0.142612,0.932087,-0.296488,0.053297,0.013867,1.060038,5010.502292,6217.795071,36.865760,767.710869,1116.162155,95.000000,1618329706.274685
226.000000,1.721900,9.183229,17.584723,31.570896,55.059693,56.897968,107.071181,132.692860,144.243585,111.014637,188.181815,60.854221,53.399365,87.728920,74.305315,103.354578,0.476358,0.212715,0.027594,1.093970,-0.230302,0.104423,1.083330,6166.133426,2762.346463,35.641896,929.131487,1092.106327,95.000000,1618329706.290328
